1614647201.882328
1614647201.895696
1614647201.905659
1614647201.912363
1614647201.925667
1614647201.935669
1614647201.942337
1614647201.955681
1614647201.965661
1614647201.972326
1614647201.985659
1614647201.995697
1614647202.002326
1614647202.015737
1614647202.025746
1614647202.032342
1614647202.045662
1614647202.055659
1614647202.062327
1614647202.075660
1614647202.085659
1614647202.092338
1614647202.108993
1614647202.115660
1614647202.122326
1614647202.135671
1614647202.145669
1614647202.152362
1614647202.165696
1614647202.175658
1614647202.182325
1614647202.195686
1614647202.205658
1614647202.212363
1614647202.225662
1614647202.235702
1614647202.242329
1614647202.255680
1614647202.265660
1614647202.272325
1614647202.285659
1614647202.295720
1614647202.302358
1614647202.315671
1614647202.325659
1614647202.332330
1614647202.345675
1614647202.355662
1614647202.362347
1614647202.375707
1614647202.385661
1614647202.392364
1614647202.405684
1614647202.415692
1614647202.422360
1614647202.435670
1614647202.445662
1614647202.452358
1614647202.465658
1614647202.475658
1614647202.482324
1614647202.499057
1614647202.505699
1614647202.512364
1614647202.525666
1614647202.535703
1614647202.542361
1614647202.555707
1614647202.565659
1614647202.572358
1614647202.585659
1614647202.595700
1614647202.602374
1614647202.615662
1614647202.625750
1614647202.632425
1614647202.645713
1614647202.655721
1614647202.662372
1614647202.675671
1614647202.685660
1614647202.692355
1614647202.705714
1614647202.715705
1614647202.722328
1614647202.735685
1614647202.745709
1614647202.752329
1614647202.765698
1614647202.775684
1614647202.782325
1614647202.795687
1614647202.805689
1614647202.812362
1614647202.825660
1614647202.835702
1614647202.842327
1614647202.855658
1614647202.865657
1614647202.872326
1614647202.888992
1614647202.895698
1614647202.902364
1614647202.915697
1614647202.925668
1614647202.932551
1614647202.945692
1614647202.955674
1614647202.962326
1614647202.975658
1614647202.985657
1614647202.992324
1614647203.005663
1614647203.015688
1614647203.022357
1614647203.035670
1614647203.045661
1614647203.052340
1614647203.065658
1614647203.075661
1614647203.082329
1614647203.095661
1614647203.105661
1614647203.112327
1614647203.125695
1614647203.135672
1614647203.142330
1614647203.155663
1614647203.165699
1614647203.172366
1614647203.185685
1614647203.195698
1614647203.202333
1614647203.215696
1614647203.225720
1614647203.232354
1614647203.245688
1614647203.255689
1614647203.262351
1614647203.275671
1614647203.292355
1614647203.295688
1614647203.305659
1614647203.315661
1614647203.322328
1614647203.335706
1614647203.345676
1614647203.352329
1614647203.365659
1614647203.375657
1614647203.382326
1614647203.395696
1614647203.405659
1614647203.412362
1614647203.425663
1614647203.435696
1614647203.442368
1614647203.455684
1614647203.465659
1614647203.472333
1614647203.485673
1614647203.495659
1614647203.502325
1614647203.515661
1614647203.525661
1614647203.532361
1614647203.545673
1614647203.555688
1614647203.562344
1614647203.575662
1614647203.585658
1614647203.592325
1614647203.605692
1614647203.615659
1614647203.622373
1614647203.635696
1614647203.645662
1614647203.652325
1614647203.665690
1614647203.682350
1614647203.685689
1614647203.695696
1614647203.705686
1614647203.712363
1614647203.725666
1614647203.735672
1614647203.742327
1614647203.755661
1614647203.765659
1614647203.772326
1614647203.785677
1614647203.795663
1614647203.802352
1614647203.815695
1614647203.825734
1614647203.832336
1614647203.845662
1614647203.855660
1614647203.862325
1614647203.875670
1614647203.885659
1614647203.892357
1614647203.905691
1614647203.915709
1614647203.922363
1614647203.935742
1614647203.945729
1614647203.952392
1614647203.965689
1614647203.975671
1614647203.982357
1614647203.995661
1614647204.005661
1614647204.012363
1614647204.025697
1614647204.035672
1614647204.042354
1614647204.055683
1614647204.065694
1614647204.079000
1614647204.085659
1614647204.095696
1614647204.102363
1614647204.115692
1614647204.125715
1614647204.132330
1614647204.145676
1614647204.155661
1614647204.162326
1614647204.175690
1614647204.185690
1614647204.192357
1614647204.205696
1614647204.215699
1614647204.222381
1614647204.235703
1614647204.245695
1614647204.252366
1614647204.265659
1614647204.275657
1614647204.282338
1614647204.295690
1614647204.305691
1614647204.312328
1614647204.325695
1614647204.335772
1614647204.342524
1614647204.355712
1614647204.365712
1614647204.372360
1614647204.385672
1614647204.395702
1614647204.402327
1614647204.415695
1614647204.425691
1614647204.432361
1614647204.445662
1614647204.455667
1614647204.468991
1614647204.475658
1614647204.485662
1614647204.492327
1614647204.505692
1614647204.515662
1614647204.522364
1614647204.535671
1614647204.545676
1614647204.552331
1614647204.565659
1614647204.575659
1614647204.582327
1614647204.595659
1614647204.605659
1614647204.612326
1614647204.625712
1614647204.635704
1614647204.642363
1614647204.655658
1614647204.665658
1614647204.672324
1614647204.685690
1614647204.695658
1614647204.702325
1614647204.715684
1614647204.725664
1614647204.732337
1614647204.745674
1614647204.755662
1614647204.762327
1614647204.775659
1614647204.785685
1614647204.792327
1614647204.805659
1614647204.815701
1614647204.822386
1614647204.835703
1614647204.845712
1614647204.859017
1614647204.865696
1614647204.875680
1614647204.882327
1614647204.895690
1614647204.905707
1614647204.912363
1614647204.925668
1614647204.935671
1614647204.942352
1614647204.955680
1614647204.965691
1614647204.972377
1614647204.985659
1614647204.995659
1614647205.002326
1614647205.015659
1614647205.025691
1614647205.032334
1614647205.045663
1614647205.055659
1614647205.062327
1614647205.075694
1614647205.085658
1614647205.092353
1614647205.105704
1614647205.115692
1614647205.122328
1614647205.135701
1614647205.145675
1614647205.152327
1614647205.165681
1614647205.175658
1614647205.182351
1614647205.195698
1614647205.205673
1614647205.212366
1614647205.225661
1614647205.235700
1614647205.242327
1614647205.258991
1614647205.265664
1614647205.272324
1614647205.285658
1614647205.295691
1614647205.302326
1614647205.315663
1614647205.325667
1614647205.332330
1614647205.345674
1614647205.355695
1614647205.362368
1614647205.375657
1614647205.385658
1614647205.392324
1614647205.405699
1614647205.415698
1614647205.422366
1614647205.435707
1614647205.445661
1614647205.452325
1614647205.465660
1614647205.475657
1614647205.482350
1614647205.495658
1614647205.505690
1614647205.512362
1614647205.525781
1614647205.535779
1614647205.542395
1614647205.555714
1614647205.565665
1614647205.572346
1614647205.585659
1614647205.595658
1614647205.602366
1614647205.615696
1614647205.625659
1614647205.632351
1614647205.649008
1614647205.655699
1614647205.662325
1614647205.675672
1614647205.685683
1614647205.692325
1614647205.705658
1614647205.715698
1614647205.722364
1614647205.735695
1614647205.745681
1614647205.752339
1614647205.765660
1614647205.775658
1614647205.782339
1614647205.795687
1614647205.805698
1614647205.812361
1614647205.825660
1614647205.835703
1614647205.842327
1614647205.855685
1614647205.865659
1614647205.872340
1614647205.885661
1614647205.895697
1614647205.902365
1614647205.915684
1614647205.925685
1614647205.932352
1614647205.945714
1614647205.955699
1614647205.962339
1614647205.975658
1614647205.985658
1614647205.992323
1614647206.005697
1614647206.015688
1614647206.022328
1614647206.042375
1614647206.045659
1614647206.052329
1614647206.065663
1614647206.075660
1614647206.082326
1614647206.095699
1614647206.105691
1614647206.112364
1614647206.125708
1614647206.135698
1614647206.142328
1614647206.155696
1614647206.165688
1614647206.172326
1614647206.185660
1614647206.195697
1614647206.202363
1614647206.215708
1614647206.225777
1614647206.232367
1614647206.245662
1614647206.255684
1614647206.262359
1614647206.275659
1614647206.285660
1614647206.292327
1614647206.305662
1614647206.315661
1614647206.322326
1614647206.335700
1614647206.345672
1614647206.352339
1614647206.365661
1614647206.375659
1614647206.382326
1614647206.395698
1614647206.405700
1614647206.412363
1614647206.425738
1614647206.442342
1614647206.445657
1614647206.455694
1614647206.465658
1614647206.472354
1614647206.485658
1614647206.495659
1614647206.502325
1614647206.515663
1614647206.525665
1614647206.532369
1614647206.545719
1614647206.555661
1614647206.562326
1614647206.575696
1614647206.585691
1614647206.592327
1614647206.605697
1614647206.615660
1614647206.622350
1614647206.635765
1614647206.645712
1614647206.652393
1614647206.665661
1614647206.675658
1614647206.682325
1614647206.695697
1614647206.705658
1614647206.712325
1614647206.725671
1614647206.735674
1614647206.742329
1614647206.755678
1614647206.765659
1614647206.772325
1614647206.785659
1614647206.795696
1614647206.802358
1614647206.815660
1614647206.832364
1614647206.835696
1614647206.845701
1614647206.855691
1614647206.862326
1614647206.875684
1614647206.885658
1614647206.892324
1614647206.905659
1614647206.915660
1614647206.922328
1614647206.935703
1614647206.945678
1614647206.952331
1614647206.965666
1614647206.975660
1614647206.982326
1614647206.995660
1614647207.005660
1614647207.012326
1614647207.025777
1614647207.035708
1614647207.042329
1614647207.055660
1614647207.065673
1614647207.072325
1614647207.085658
1614647207.095684
1614647207.102325
1614647207.115696
1614647207.125714
1614647207.132330
1614647207.145708
1614647207.155707
1614647207.162359
1614647207.175660
1614647207.185698
1614647207.192355
1614647207.205659
1614647207.215701
1614647207.229005
1614647207.235708
1614647207.245676
1614647207.252342
1614647207.265658
1614647207.275662
1614647207.282325
1614647207.295657
1614647207.305670
1614647207.312366
1614647207.325680
1614647207.335670
1614647207.342332
1614647207.355672
1614647207.365658
1614647207.372357
1614647207.385662
1614647207.395703
1614647207.402363
1614647207.415673
1614647207.425786
1614647207.432390
1614647207.445663
1614647207.455659
1614647207.462326
1614647207.475659
1614647207.485659
1614647207.492326
1614647207.505659
1614647207.515660
1614647207.522364
1614647207.535686
1614647207.545675
1614647207.552352
1614647207.565658
1614647207.575668
1614647207.582325
1614647207.595725
1614647207.605696
1614647207.618992
1614647207.625747
1614647207.635705
1614647207.642406
1614647207.655701
1614647207.665681
1614647207.672338
1614647207.685663
1614647207.695660
1614647207.702327
1614647207.715660
1614647207.725660
1614647207.732330
1614647207.745694
1614647207.755665
1614647207.762327
1614647207.775661
1614647207.785659
1614647207.792324
1614647207.805659
1614647207.815659
1614647207.822342
1614647207.835669
1614647207.845679
1614647207.852336
1614647207.865691
1614647207.875691
1614647207.882326
1614647207.895698
1614647207.905659
1614647207.912325
1614647207.925664
1614647207.935682
1614647207.942328
1614647207.955661
1614647207.965683
1614647207.972326
1614647207.985658
1614647207.995659
1614647208.008993
1614647208.015662
1614647208.025755
1614647208.032364
1614647208.045663
1614647208.055660
1614647208.062328
1614647208.075686
1614647208.085660
1614647208.092326
1614647208.105659
1614647208.115661
1614647208.122329
1614647208.135701
1614647208.145674
1614647208.152329
1614647208.165658
1614647208.175658
1614647208.182356
1614647208.195698
1614647208.205660
1614647208.212326
1614647208.225775
1614647208.235784
1614647208.242336
1614647208.255657
1614647208.265657
1614647208.272379
1614647208.285658
1614647208.295657
1614647208.302363
1614647208.315665
1614647208.325697
1614647208.332331
1614647208.345675
1614647208.355695
1614647208.362340
1614647208.375659
1614647208.385686
1614647208.392330
1614647208.412324
1614647208.415659
1614647208.422368
1614647208.435707
1614647208.445661
1614647208.452327
1614647208.465663
1614647208.475659
1614647208.482327
1614647208.495660
1614647208.505658
1614647208.512380
1614647208.525712
1614647208.535699
1614647208.542326
1614647208.555695
1614647208.565659
1614647208.572325
1614647208.585658
1614647208.595688
1614647208.602365
1614647208.615710
1614647208.625710
1614647208.632364
1614647208.645706
1614647208.655658
1614647208.662324
1614647208.675658
1614647208.685696
1614647208.692365
1614647208.705659
1614647208.715660
1614647208.722330
1614647208.735711
1614647208.745670
1614647208.752356
1614647208.765711
1614647208.775661
1614647208.782326
1614647208.802325
1614647208.805658
1614647208.812325
1614647208.825664
1614647208.835670
1614647208.842330
1614647208.855659
1614647208.865659
1614647208.872326
1614647208.885659
1614647208.895672
1614647208.902326
1614647208.915664
1614647208.925671
1614647208.932331
1614647208.945704
1614647208.955688
1614647208.962325
1614647208.975658
1614647208.985659
1614647208.992359
1614647209.005660
1614647209.015719
1614647209.022357
1614647209.035669
1614647209.045660
1614647209.052378
1614647209.065659
1614647209.075659
1614647209.082323
1614647209.095697
1614647209.105678
1614647209.112344
1614647209.125664
1614647209.135695
1614647209.142339
1614647209.155692
1614647209.165659
1614647209.172325
1614647209.185657
1614647209.195658
1614647209.202356
1614647209.215723
1614647209.225767
1614647209.232367
1614647209.245687
1614647209.255692
1614647209.262348
1614647209.275688
1614647209.285699
1614647209.292326
1614647209.305658
1614647209.315677
1614647209.322328
1614647209.335706
1614647209.345672
1614647209.352343
1614647209.365706
1614647209.375691
1614647209.382350
1614647209.395699
1614647209.405658
1614647209.412355
1614647209.425781
1614647209.435706
1614647209.442398
1614647209.455739
1614647209.465673
1614647209.472332
1614647209.485664
1614647209.495657
1614647209.502358
1614647209.515676
1614647209.525731
1614647209.532347
1614647209.545674
1614647209.555664
1614647209.562341
1614647209.575659
1614647209.592325
1614647209.595656
1614647209.605657
1614647209.615660
1614647209.622339
1614647209.635710
1614647209.645684
1614647209.652337
1614647209.665683
1614647209.675683
1614647209.682358
1614647209.695657
1614647209.705658
1614647209.712324
1614647209.725676
1614647209.735691
1614647209.742325
1614647209.755694
1614647209.765660
1614647209.772326
1614647209.785660
1614647209.795698
1614647209.802386
1614647209.815663
1614647209.825717
1614647209.832370
1614647209.845663
1614647209.855658
1614647209.862356
1614647209.875659
1614647209.885659
1614647209.892349
1614647209.905705
1614647209.915660
1614647209.922357
1614647209.935698
1614647209.945673
1614647209.952327
1614647209.965659
1614647209.995659
1614647209.999021
1614647210.002323
1614647210.005684
1614647210.012324
1614647210.025662
1614647210.035684
1614647210.042334
1614647210.055658
1614647210.065659
1614647210.072351
1614647210.085659
1614647210.095686
1614647210.102363
1614647210.115661
1614647210.125698
1614647210.132335
1614647210.145672
1614647210.155687
1614647210.162357
1614647210.175696
1614647210.185683
1614647210.192371
1614647210.205660
1614647210.215660
1614647210.222359
1614647210.235687
1614647210.245678
1614647210.252326
1614647210.265657
1614647210.275657
1614647210.282335
1614647210.295688
1614647210.305704
1614647210.312357
1614647210.325667
1614647210.335765
1614647210.342326
1614647210.355688
1614647210.365700
1614647210.378993
1614647210.385691
1614647210.395699
1614647210.402393
1614647210.415691
1614647210.425699
1614647210.432338
1614647210.445662
1614647210.455659
1614647210.462364
1614647210.475682
1614647210.485687
1614647210.492356
1614647210.505665
1614647210.515661
1614647210.522326
1614647210.535702
1614647210.545674
1614647210.552346
1614647210.565660
1614647210.575657
1614647210.582324
1614647210.595695
1614647210.605698
1614647210.612327
1614647210.625781
1614647210.635670
1614647210.642331
1614647210.655658
1614647210.665704
1614647210.672325
1614647210.685691
1614647210.695660
1614647210.702362
1614647210.715663
1614647210.725666
1614647210.732331
1614647210.745678
1614647210.755685
1614647210.769000
1614647210.775665
1614647210.785658
1614647210.792324
1614647210.805691
1614647210.815697
1614647210.822435
1614647210.835702
1614647210.845684
1614647210.852326
1614647210.865685
1614647210.875689
1614647210.882324
1614647210.895688
1614647210.905661
1614647210.912327
1614647210.925664
1614647210.935669
1614647210.942355
1614647210.955661
1614647210.965659
1614647210.972325
1614647210.985673
1614647210.995693
1614647211.002329
1614647211.015700
1614647211.025703
1614647211.032398
1614647211.045660
1614647211.055658
1614647211.062324
1614647211.075672
1614647211.085675
1614647211.092326
1614647211.105662
1614647211.115661
1614647211.122328
1614647211.135707
1614647211.145671
1614647211.158993
1614647211.165658
1614647211.175657
1614647211.182323
1614647211.195704
1614647211.205658
1614647211.212327
1614647211.225772
1614647211.235668
1614647211.242327
1614647211.255657
1614647211.265684
1614647211.272323
1614647211.285658
1614647211.295696
1614647211.302326
1614647211.315660
1614647211.325667
1614647211.332331
1614647211.345671
1614647211.355661
1614647211.362348
1614647211.375707
1614647211.385693
1614647211.392359
1614647211.405695
1614647211.415660
1614647211.422452
1614647211.435753
1614647211.445673
1614647211.452325
1614647211.465657
1614647211.475657
1614647211.482324
1614647211.495658
1614647211.505681
1614647211.512363
1614647211.525672
1614647211.535668
1614647211.542365
1614647211.562325
1614647211.565657
1614647211.572324
1614647211.585696
1614647211.595659
1614647211.602325
1614647211.615700
1614647211.625704
1614647211.632339
1614647211.645662
1614647211.655658
1614647211.662324
1614647211.675658
1614647211.685671
1614647211.692339
1614647211.705660
1614647211.715663
1614647211.722361
1614647211.735763
1614647211.745673
1614647211.752354
1614647211.765657
1614647211.775659
1614647211.782358
1614647211.795658
1614647211.805661
1614647211.812363
1614647211.825779
1614647211.835703
1614647211.842361
1614647211.855657
1614647211.865657
1614647211.872324
1614647211.885657
1614647211.895658
1614647211.902359
1614647211.915661
1614647211.925707
1614647211.932427
1614647211.949173
1614647211.955685
1614647211.962360
1614647211.975665
1614647211.985660
1614647211.992324
1614647212.005659
1614647212.015661
1614647212.022350
1614647212.035696
1614647212.045657
1614647212.052350
1614647212.065693
1614647212.075692
1614647212.082327
1614647212.095659
1614647212.105670
1614647212.112355
1614647212.125690
1614647212.135712
1614647212.142327
1614647212.155660
1614647212.165657
1614647212.172370
1614647212.185722
1614647212.195714
1614647212.202325
1614647212.215660
1614647212.225782
1614647212.232349
1614647212.245662
1614647212.255660
1614647212.262325
1614647212.275657
1614647212.285657
1614647212.292323
1614647212.305658
1614647212.315660
1614647212.322340
1614647212.335710
1614647212.352362
1614647212.355698
1614647212.365668
1614647212.375660
1614647212.382325
1614647212.395660
1614647212.405733
1614647212.412325
1614647212.425658
1614647212.435679
1614647212.442337
1614647212.455662
1614647212.465659
1614647212.472326
1614647212.485659
1614647212.495659
1614647212.502325
1614647212.515659
1614647212.525683
1614647212.532358
1614647212.545679
1614647212.555674
1614647212.562325
1614647212.575658
1614647212.585683
1614647212.592352
1614647212.605685
1614647212.615658
1614647212.622325
1614647212.635709
1614647212.645672
1614647212.652339
1614647212.665657
1614647212.675656
1614647212.682324
1614647212.695659
1614647212.705658
1614647212.712324
1614647212.725666
1614647212.742327
1614647212.745669
1614647212.755660
1614647212.765656
1614647212.772325
1614647212.785657
1614647212.795658
1614647212.802357
1614647212.815697
1614647212.825690
1614647212.832330
1614647212.845691
1614647212.855657
1614647212.862357
1614647212.875693
1614647212.885656
1614647212.892317
1614647212.905661
1614647212.915668
1614647212.922326
1614647212.935755
1614647212.945673
1614647212.952326
1614647212.965699
1614647212.975658
1614647212.982324
1614647212.995689
1614647213.005694
1614647213.012323
1614647213.025785
1614647213.035763
1614647213.042378
1614647213.055698
1614647213.065658
1614647213.072364
1614647213.085658
1614647213.095677
1614647213.102361
1614647213.115660
1614647213.132339
1614647213.135790
1614647213.145712
1614647213.155767
1614647213.162363
1614647213.175676
1614647213.185708
1614647213.192330
1614647213.205689
1614647213.215699
1614647213.222373
1614647213.235701
1614647213.245683
1614647213.252324
1614647213.265660
1614647213.275678
1614647213.282325
1614647213.295656
1614647213.305659
1614647213.312325
1614647213.325659
1614647213.335693
1614647213.342335
1614647213.355663
1614647213.365659
1614647213.372326
1614647213.385659
1614647213.395660
1614647213.402326
1614647213.415699
1614647213.425766
1614647213.432326
1614647213.445663
1614647213.455660
1614647213.462326
1614647213.475690
1614647213.485659
1614647213.492324
1614647213.505690
1614647213.515723
1614647213.529099
1614647213.535713
1614647213.545698
1614647213.552353
1614647213.565663
1614647213.575659
1614647213.582325
1614647213.595695
1614647213.605697
1614647213.612341
1614647213.625658
1614647213.635705
1614647213.642330
1614647213.655658
1614647213.665692
1614647213.672356
1614647213.685706
1614647213.695697
1614647213.702356
1614647213.715701
1614647213.725692
1614647213.732329
1614647213.745674
1614647213.755659
1614647213.762323
1614647213.775681
1614647213.785658
1614647213.792324
1614647213.805660
1614647213.815660
1614647213.822325
1614647213.835734
1614647213.845720
1614647213.852437
1614647213.865670
1614647213.875672
1614647213.882325
1614647213.895659
1614647213.905668
1614647213.918993
1614647213.925660
1614647213.935694
1614647213.942329
1614647213.955661
1614647213.965687
1614647213.972324
1614647213.985671
1614647213.995659
1614647214.002364
1614647214.015663
1614647214.025725
1614647214.032355
1614647214.045688
1614647214.055656
1614647214.062324
1614647214.075659
1614647214.085661
1614647214.092325
1614647214.105661
1614647214.115660
1614647214.122359
1614647214.135669
1614647214.145698
1614647214.152326
1614647214.165656
1614647214.175656
1614647214.182323
1614647214.195678
1614647214.205672
1614647214.212325
1614647214.225768
1614647214.235784
1614647214.242350
1614647214.255662
1614647214.265690
1614647214.272326
1614647214.285657
1614647214.295678
1614647214.302360
1614647214.315660
1614647214.325664
1614647214.332366
1614647214.345793
1614647214.355754
1614647214.362335
1614647214.375661
1614647214.385659
1614647214.392354
1614647214.405675
1614647214.415686
1614647214.422323
1614647214.435712
1614647214.445662
1614647214.452324
1614647214.465695
1614647214.475697
1614647214.482349
1614647214.495672
1614647214.505717
1614647214.512362
1614647214.525662
1614647214.535670
1614647214.542351
1614647214.555695
1614647214.565687
1614647214.572325
1614647214.585659
1614647214.595675
1614647214.602355
1614647214.615661
1614647214.625770
1614647214.632368
1614647214.645660
1614647214.655701
1614647214.662324
1614647214.675670
1614647214.685701
1614647214.692363
1614647214.712325
1614647214.715712
1614647214.722327
1614647214.735698
1614647214.745678
1614647214.752331
1614647214.765704
1614647214.775659
1614647214.782324
1614647214.795685
1614647214.805695
1614647214.812324
1614647214.825699
1614647214.835668
1614647214.842328
1614647214.855659
1614647214.865685
1614647214.872356
1614647214.885657
1614647214.895683
1614647214.902323
1614647214.915690
1614647214.925668
1614647214.932325
1614647214.945673
1614647214.955659
1614647214.962322
1614647214.975658
1614647214.985658
1614647214.992368
1614647215.005713
1614647215.015696
1614647215.022359
1614647215.035705
1614647215.045659
1614647215.052323
1614647215.065685
1614647215.075683
1614647215.082324
1614647215.102353
1614647215.105657
1614647215.112347
1614647215.125727
1614647215.135669
1614647215.142353
1614647215.155661
1614647215.165658
1614647215.172325
1614647215.185704
1614647215.195672
1614647215.202324
1614647215.215659
1614647215.225672
1614647215.232333
1614647215.245665
1614647215.255690
1614647215.262351
1614647215.275657
1614647215.285703
1614647215.292353
1614647215.305696
1614647215.315695
1614647215.322325
1614647215.335675
1614647215.345688
1614647215.352364
1614647215.365684
1614647215.375657
1614647215.382323
1614647215.395658
1614647215.405694
1614647215.412324
1614647215.425767
1614647215.435772
1614647215.442368
1614647215.455658
1614647215.465689
1614647215.472356
1614647215.485682
1614647215.502361
1614647215.505658
1614647215.515661
1614647215.525723
1614647215.532347
1614647215.545669
1614647215.555695
1614647215.562362
1614647215.575691
1614647215.585690
1614647215.592364
1614647215.605700
1614647215.615697
1614647215.622343
1614647215.635726
1614647215.645722
1614647215.652425
1614647215.665697
1614647215.675702
1614647215.682363
1614647215.695691
1614647215.705709
1614647215.712324
1614647215.725691
1614647215.735666
1614647215.742324
1614647215.755663
1614647215.765656
1614647215.772340
1614647215.785658
1614647215.795656
1614647215.802323
1614647215.815681
1614647215.825689
1614647215.832382
1614647215.845697
1614647215.855660
1614647215.862324
1614647215.875690
1614647215.892327
1614647215.895657
1614647215.905658
1614647215.915715
1614647215.922329
1614647215.935673
1614647215.945673
1614647215.952363
1614647215.965657
1614647215.975658
1614647215.982325
1614647215.995671
1614647216.005690
1614647216.012355
1614647216.025715
1614647216.035693
1614647216.042326
1614647216.055657
1614647216.065664
1614647216.072352
1614647216.085690
1614647216.095697
1614647216.102351
1614647216.115664
1614647216.125665
1614647216.132333
1614647216.145688
1614647216.155679
1614647216.162324
1614647216.175658
1614647216.185656
1614647216.192322
1614647216.205696
1614647216.215660
1614647216.222338
1614647216.235701
1614647216.245658
1614647216.252323
1614647216.265656
1614647216.282352
1614647216.285656
1614647216.295659
1614647216.305658
1614647216.312324
1614647216.325661
1614647216.335701
1614647216.342325
1614647216.355673
1614647216.365657
1614647216.372322
1614647216.385657
1614647216.395698
1614647216.402356
1614647216.415690
1614647216.425763
1614647216.432357
1614647216.445679
1614647216.455658
1614647216.462324
1614647216.475658
1614647216.485658
1614647216.492364
1614647216.505660
1614647216.515662
1614647216.522327
1614647216.535782
1614647216.545685
1614647216.552361
1614647216.565658
1614647216.575701
1614647216.582326
1614647216.595690
1614647216.605666
1614647216.612341
1614647216.625752
1614647216.635770
1614647216.642353
1614647216.655659
1614647216.665691
1614647216.678996
1614647216.685659
1614647216.695659
1614647216.702363
1614647216.715660
1614647216.725693
1614647216.732330
1614647216.745671
1614647216.755662
1614647216.762326
1614647216.775657
1614647216.785658
1614647216.792325
1614647216.805658
1614647216.815689
1614647216.822325
1614647216.835704
1614647216.845659
1614647216.852325
1614647216.865657
1614647216.875660
1614647216.882337
1614647216.895688
1614647216.905690
1614647216.912327
1614647216.925670
1614647216.935743
1614647216.942327
1614647216.955709
1614647216.965659
1614647216.972323
1614647216.985713
1614647216.995692
1614647217.002324
1614647217.015697
1614647217.025745
1614647217.032331
1614647217.045660
1614647217.055657
1614647217.068990
1614647217.075656
1614647217.085656
1614647217.092323
1614647217.105659
1614647217.115660
1614647217.122367
1614647217.135710
1614647217.145678
1614647217.152327
1614647217.165658
1614647217.175658
1614647217.182324
1614647217.195695
1614647217.205686
1614647217.212325
1614647217.225749
1614647217.235698
1614647217.242327
1614647217.255658
1614647217.265657
1614647217.272324
1614647217.285676
1614647217.295659
1614647217.302325
1614647217.315660
1614647217.325666
1614647217.332330
1614647217.345690
1614647217.355694
1614647217.362338
1614647217.375656
1614647217.385656
1614647217.392324
1614647217.405697
1614647217.415685
1614647217.422343
1614647217.435703
1614647217.445658
1614647217.452323
1614647217.472323
1614647217.475656
1614647217.482323
1614647217.495688
1614647217.505657
1614647217.512326
1614647217.525666
1614647217.535670
1614647217.542351
1614647217.555659
1614647217.565657
1614647217.572357
1614647217.585678
1614647217.595690
1614647217.602324
1614647217.615695
1614647217.625748
1614647217.632393
1614647217.645661
1614647217.655657
1614647217.662335
1614647217.675657
1614647217.685688
1614647217.692356
1614647217.705690
1614647217.715659
1614647217.722398
1614647217.735667
1614647217.745676
1614647217.752326
1614647217.765660
1614647217.775692
1614647217.782358
1614647217.795686
1614647217.805689
1614647217.812344
1614647217.825660
1614647217.835674
1614647217.842355
1614647217.862324
1614647217.865680
1614647217.872322
1614647217.885660
1614647217.895696
1614647217.902325
1614647217.915659
1614647217.925745
1614647217.932346
1614647217.945674
1614647217.955658
1614647217.962323
1614647217.975656
1614647217.985657
1614647217.992365
1614647218.005697
1614647218.015657
1614647218.022366
1614647218.035700
1614647218.045682
1614647218.052366
1614647218.065690
1614647218.075692
1614647218.082357
1614647218.095695
1614647218.105658
1614647218.112325
1614647218.125664
1614647218.135668
1614647218.142327
1614647218.155659
1614647218.165657
1614647218.172323
1614647218.185657
1614647218.195696
1614647218.202324
1614647218.215707
1614647218.225743
1614647218.232338
1614647218.252325
1614647218.255656
1614647218.262323
1614647218.275656
1614647218.285682
1614647218.292325
1614647218.305658
1614647218.315684
1614647218.322354
1614647218.335670
1614647218.345675
1614647218.352327
1614647218.365682
1614647218.375657
1614647218.382324
1614647218.395698
1614647218.405697
1614647218.412326
1614647218.425749
1614647218.435681
1614647218.442359
1614647218.455657
1614647218.465722
1614647218.472376
1614647218.485659
1614647218.495681
1614647218.502355
1614647218.515691
1614647218.525666
1614647218.532328
1614647218.545694
1614647218.555662
1614647218.562326
1614647218.575659
1614647218.585659
1614647218.592340
1614647218.605659
1614647218.615667
1614647218.622329
1614647218.635669
1614647218.652326
1614647218.655670
1614647218.665659
1614647218.675659
1614647218.682326
1614647218.695657
1614647218.705659
1614647218.712326
1614647218.725666
1614647218.735668
1614647218.742325
1614647218.755659
1614647218.765660
1614647218.772355
1614647218.785708
1614647218.795687
1614647218.802334
1614647218.815725
1614647218.825747
1614647218.832328
1614647218.845686
1614647218.855657
1614647218.862322
1614647218.875658
1614647218.885657
1614647218.892323
1614647218.905658
1614647218.915710
1614647218.922326
1614647218.935766
1614647218.945714
1614647218.952388
1614647218.965670
1614647218.975704
1614647218.982326
1614647218.995657
1614647219.005716
1614647219.012325
1614647219.025689
1614647219.042352
1614647219.045658
1614647219.055662
1614647219.065657
1614647219.072322
1614647219.085708
1614647219.095698
1614647219.102326
1614647219.115682
1614647219.125674
1614647219.132346
1614647219.145671
1614647219.155661
1614647219.162365
1614647219.175670
1614647219.185658
1614647219.192360
1614647219.205658
1614647219.215660
1614647219.222345
1614647219.235755
1614647219.245678
1614647219.252323
1614647219.265689
1614647219.275691
1614647219.282326
1614647219.295697
1614647219.305658
1614647219.312364
1614647219.325766
1614647219.335701
1614647219.342352
1614647219.355663
1614647219.365658
1614647219.372357
1614647219.385656
1614647219.395688
1614647219.402323
1614647219.415657
1614647219.425758
1614647219.439049
1614647219.445684
1614647219.455655
1614647219.462325
1614647219.475694
1614647219.485707
1614647219.492353
1614647219.505692
1614647219.515659
1614647219.522326
1614647219.535667
1614647219.545680
1614647219.552347
1614647219.565658
1614647219.575657
1614647219.582323
1614647219.595657
1614647219.605694
1614647219.612377
1614647219.625660
1614647219.635704
1614647219.642326
1614647219.655657
1614647219.665668
1614647219.672326
1614647219.685658
1614647219.695659
1614647219.702325
1614647219.715659
1614647219.725664
1614647219.732372
1614647219.745678
1614647219.755659
1614647219.762331
1614647219.775691
1614647219.785695
1614647219.792368
1614647219.805658
1614647219.815690
1614647219.829041
1614647219.835745
1614647219.845658
1614647219.852358
1614647219.865659
1614647219.875704
1614647219.882358
1614647219.895658
1614647219.905691
1614647219.912357
1614647219.925700
1614647219.935760
1614647219.942353
1614647219.955688
1614647219.965672
1614647219.972326
1614647219.985658
1614647219.995657
1614647220.002324
1614647220.015711
1614647220.025691
1614647220.032331
1614647220.045660
1614647220.055686
1614647220.062340
1614647220.075690
1614647220.085664
1614647220.092376
1614647220.105658
1614647220.115659
1614647220.122325
1614647220.135668
1614647220.145691
1614647220.152327
1614647220.165657
1614647220.175656
1614647220.182323
1614647220.195678
1614647220.205660
1614647220.219023
1614647220.225769
1614647220.235667
1614647220.242326
1614647220.255679
1614647220.265672
1614647220.272325
1614647220.285659
1614647220.295658
1614647220.302324
1614647220.315690
1614647220.325787
1614647220.332335
1614647220.345666
1614647220.355694
1614647220.362324
1614647220.375664
1614647220.385656
1614647220.392323
1614647220.405688
1614647220.415700
1614647220.422325
1614647220.435691
1614647220.445658
1614647220.452361
1614647220.465657
1614647220.475658
1614647220.482336
1614647220.495697
1614647220.505664
1614647220.512325
1614647220.525702
1614647220.535755
1614647220.542326
1614647220.555663
1614647220.565717
1614647220.572326
1614647220.585656
1614647220.595658
1614647220.602324
1614647220.622374
1614647220.625773
1614647220.632381
1614647220.645660
1614647220.655656
1614647220.662323
1614647220.675658
1614647220.685656
1614647220.692346
1614647220.705685
1614647220.715691
1614647220.722328
1614647220.735686
1614647220.745675
1614647220.752326
1614647220.765690
1614647220.775658
1614647220.782327
1614647220.795689
1614647220.805687
1614647220.812362
1614647220.825747
1614647220.835700
1614647220.842327
1614647220.855658
1614647220.865657
1614647220.872322
1614647220.885666
1614647220.895658
1614647220.902384
1614647220.915660
1614647220.925666
1614647220.932328
1614647220.945674
1614647220.955659
1614647220.962325
1614647220.975656
1614647220.985658
1614647220.992357
1614647221.012325
1614647221.015697
1614647221.022355
1614647221.035701
1614647221.045660
1614647221.052338
1614647221.065658
1614647221.075657
1614647221.082327
1614647221.095676
1614647221.105661
1614647221.112326
1614647221.125666
1614647221.135692
1614647221.142325
1614647221.155696
1614647221.165690
1614647221.172324
1614647221.185656
1614647221.195658
1614647221.202323
1614647221.215717
1614647221.225776
1614647221.232377
1614647221.245661
1614647221.255660
1614647221.262326
1614647221.275656
1614647221.285656
1614647221.292352
1614647221.305689
1614647221.315660
1614647221.322340
1614647221.335703
1614647221.345663
1614647221.352328
1614647221.365673
1614647221.375700
1614647221.382324
1614647221.402421
1614647221.405657
1614647221.412358
1614647221.425777
1614647221.435699
1614647221.442325
1614647221.455694
1614647221.465704
1614647221.472325
1614647221.485658
1614647221.495699
1614647221.502325
1614647221.515672
1614647221.525726
1614647221.532357
1614647221.545677
1614647221.555659
1614647221.562323
1614647221.575659
1614647221.585657
1614647221.592356
1614647221.605710
1614647221.615695
1614647221.622362
1614647221.635768
1614647221.645658
1614647221.652370
1614647221.665689
1614647221.675690
1614647221.682358
1614647221.695696
1614647221.705694
1614647221.712357
1614647221.725666
1614647221.735753
1614647221.742324
1614647221.755661
1614647221.765659
1614647221.772323
1614647221.785657
1614647221.802325
1614647221.805656
1614647221.815693
1614647221.825673
1614647221.832335
1614647221.845678
1614647221.855660
1614647221.862323
1614647221.875656
1614647221.885656
1614647221.892352
1614647221.905655
1614647221.915683
1614647221.922326
1614647221.935670
1614647221.945708
1614647221.952327
1614647221.965657
1614647221.975656
1614647221.982323
1614647221.995686
1614647222.005657
1614647222.012349
1614647222.025774
1614647222.035778
1614647222.042325
1614647222.055683
1614647222.065656
1614647222.072348
1614647222.085683
1614647222.095657
1614647222.102362
1614647222.115678
1614647222.125664
1614647222.132328
1614647222.145669
1614647222.155662
1614647222.162324
1614647222.175657
1614647222.192358
1614647222.195655
1614647222.205687
1614647222.215689
1614647222.222324
1614647222.235773
1614647222.245658
1614647222.252357
1614647222.265659
1614647222.275658
1614647222.282367
1614647222.295657
1614647222.305658
1614647222.312325
1614647222.325667
1614647222.335674
1614647222.342313
1614647222.355693
1614647222.365690
1614647222.372356
1614647222.385656
1614647222.395689
1614647222.402323
1614647222.415703
1614647222.425773
1614647222.432332
1614647222.445661
1614647222.455656
1614647222.462323
1614647222.475655
1614647222.485655
1614647222.492322
1614647222.505665
1614647222.515660
1614647222.522330
1614647222.535693
1614647222.545671
1614647222.552327
1614647222.565683
1614647222.575659
1614647222.588990
1614647222.595689
1614647222.605691
1614647222.612324
1614647222.625780
1614647222.635766
1614647222.642326
1614647222.655658
1614647222.665657
1614647222.672324
1614647222.685658
1614647222.695657
1614647222.702337
1614647222.715716
1614647222.725665
1614647222.732337
1614647222.745669
1614647222.755665
1614647222.762326
1614647222.775656
1614647222.785657
1614647222.792354
1614647222.805664
1614647222.815698
1614647222.822401
1614647222.835766
1614647222.845716
1614647222.852372
1614647222.865670
1614647222.875664
1614647222.882326
1614647222.895694
1614647222.905688
1614647222.912357
1614647222.925714
1614647222.935665
1614647222.942325
1614647222.955660
1614647222.965660
1614647222.979016
1614647222.985657
1614647222.995683
1614647223.002355
1614647223.015657
1614647223.025695
1614647223.032411
1614647223.045707
1614647223.055658
1614647223.062322
1614647223.075681
1614647223.085656
1614647223.092322
1614647223.105682
1614647223.115657
1614647223.122349
1614647223.135686
1614647223.145680
1614647223.152341
1614647223.165681
1614647223.175658
1614647223.182339
1614647223.195694
1614647223.205686
1614647223.212376
1614647223.225690
1614647223.235703
1614647223.242333
1614647223.255658
1614647223.265658
1614647223.272325
1614647223.285658
1614647223.295657
1614647223.302324
1614647223.315657
1614647223.325664
1614647223.332333
1614647223.345679
1614647223.355692
1614647223.368991
1614647223.375657
1614647223.385689
1614647223.392361
1614647223.405670
1614647223.415695
1614647223.422340
1614647223.435699
1614647223.445673
1614647223.452322
1614647223.465655
1614647223.475655
1614647223.482323
1614647223.495708
1614647223.505671
1614647223.512325
1614647223.525668
1614647223.535674
1614647223.542325
1614647223.555660
1614647223.565687
1614647223.572323
1614647223.585661
1614647223.595658
1614647223.602324
1614647223.615694
1614647223.625774
1614647223.632331
1614647223.645659
1614647223.655663
1614647223.662325
1614647223.675656
1614647223.685656
1614647223.692322
1614647223.705661
1614647223.715659
1614647223.722326
1614647223.735750
1614647223.745672
1614647223.752326
1614647223.772357
1614647223.775661
1614647223.782325
1614647223.795696
1614647223.805658
1614647223.812360
1614647223.825662
1614647223.835766
1614647223.842326
1614647223.855656
1614647223.865659
1614647223.872324
1614647223.885656
1614647223.895684
1614647223.902323
1614647223.915689
1614647223.925698
1614647223.932369
1614647223.945671
1614647223.955660
1614647223.962325
1614647223.975657
1614647223.985656
1614647223.992322
1614647224.005684
1614647224.015659
1614647224.022324
1614647224.035767
1614647224.045662
1614647224.052323
1614647224.065658
1614647224.075658
1614647224.082323
1614647224.095658
1614647224.105657
1614647224.112323
1614647224.125692
1614647224.135724
1614647224.142324
1614647224.162364
1614647224.165683
1614647224.172323
1614647224.185656
1614647224.195659
1614647224.202354
1614647224.215661
1614647224.225773
1614647224.232385
1614647224.245673
1614647224.255656
1614647224.262323
1614647224.275657
1614647224.285694
1614647224.292375
1614647224.305703
1614647224.315662
1614647224.322325
1614647224.335770
1614647224.345687
1614647224.352329
1614647224.365657
1614647224.375680
1614647224.382324
1614647224.395656
1614647224.405700
1614647224.412362
1614647224.425770
1614647224.435673
1614647224.442333
1614647224.455658
1614647224.465657
1614647224.472322
1614647224.485656
1614647224.495667
1614647224.502351
1614647224.515659
1614647224.525666
1614647224.532336
1614647224.545672
1614647224.555658
1614647224.562325
1614647224.575699
1614647224.585658
1614647224.592351
1614647224.605694
1614647224.615694
1614647224.622351
1614647224.635667
1614647224.645692
1614647224.652372
1614647224.665657
1614647224.675656
1614647224.682356
1614647224.695684
1614647224.705681
1614647224.712324
1614647224.725690
1614647224.735679
1614647224.742326
1614647224.755693
1614647224.765657
1614647224.772322
1614647224.785662
1614647224.795694
1614647224.802360
1614647224.815660
1614647224.825773
1614647224.832328
1614647224.845661
1614647224.855657
1614647224.862324
1614647224.875658
1614647224.885657
1614647224.892352
1614647224.905691
1614647224.915688
1614647224.922341
1614647224.935666
1614647224.952326
1614647224.955654
1614647224.965657
1614647224.975697
1614647224.982325
1614647224.995657
1614647225.005693
1614647225.012324
1614647225.025776
1614647225.035705
1614647225.042350
1614647225.055704
1614647225.065700
1614647225.072323
1614647225.085658
1614647225.095695
1614647225.102362
1614647225.115689
1614647225.125703
1614647225.132329
1614647225.145723
1614647225.155660
1614647225.162357
1614647225.175698
1614647225.185658
1614647225.192359
1614647225.205693
1614647225.215681
1614647225.222365
1614647225.235768
1614647225.245657
1614647225.252353
1614647225.265681
1614647225.275689
1614647225.282325
1614647225.295698
1614647225.305673
1614647225.312359
1614647225.325665
1614647225.355695
1614647225.359001
1614647225.362321
1614647225.365685
1614647225.372324
1614647225.385697
1614647225.395694
1614647225.402377
1614647225.415656
1614647225.425660
1614647225.432361
1614647225.445693
1614647225.455659
1614647225.462356
1614647225.475657
1614647225.485695
1614647225.492325
1614647225.505708
1614647225.515660
1614647225.522330
1614647225.535668
1614647225.545681
1614647225.552328
1614647225.565657
1614647225.575657
1614647225.582333
1614647225.595657
1614647225.605657
1614647225.612323
1614647225.625778
1614647225.635693
1614647225.642357
1614647225.655656
1614647225.665655
1614647225.672322
1614647225.685658
1614647225.695686
1614647225.702351
1614647225.715689
1614647225.725667
1614647225.739020
1614647225.745695
1614647225.755659
1614647225.762324
1614647225.775666
1614647225.785657
1614647225.792353
1614647225.805698
1614647225.815692
1614647225.822327
1614647225.835669
1614647225.845687
1614647225.852326
1614647225.865654
1614647225.875655
1614647225.882325
1614647225.895695
1614647225.905688
1614647225.912329
1614647225.925735
1614647225.935770
1614647225.942325
1614647225.955660
1614647225.965655
1614647225.972322
1614647225.985656
1614647225.995694
1614647226.002324
1614647226.015696
1614647226.025660
1614647226.032339
1614647226.045713
1614647226.055690
1614647226.062357
1614647226.075705
1614647226.085688
1614647226.092355
1614647226.105711
1614647226.115676
1614647226.128995
1614647226.135782
1614647226.145699
1614647226.152349
1614647226.165657
1614647226.175657
1614647226.182322
1614647226.195695
1614647226.205657
1614647226.212364
1614647226.225697
1614647226.235693
1614647226.242324
1614647226.255659
1614647226.265657
1614647226.272323
1614647226.285656
1614647226.295687
1614647226.302354
1614647226.315718
1614647226.325681
1614647226.332332
1614647226.345667
1614647226.355690
1614647226.362325
1614647226.375700
1614647226.385657
1614647226.392340
1614647226.405690
1614647226.415657
1614647226.422323
1614647226.435679
1614647226.445659
1614647226.452323
1614647226.465663
1614647226.475663
1614647226.482325
1614647226.495675
1614647226.505671
1614647226.518993
1614647226.525689
1614647226.535712
1614647226.542325
1614647226.555660
1614647226.565656
1614647226.572323
1614647226.585671
1614647226.595695
1614647226.602323
1614647226.615700
1614647226.625660
1614647226.632328
1614647226.645660
1614647226.655659
1614647226.662333
1614647226.675682
1614647226.685708
1614647226.692355
1614647226.705693
1614647226.715694
1614647226.722326
1614647226.735737
1614647226.745691
1614647226.752339
1614647226.765659
1614647226.775656
1614647226.782322
1614647226.795658
1614647226.805694
1614647226.812369
1614647226.825694
1614647226.835693
1614647226.842378
1614647226.855656
1614647226.865656
1614647226.872323
1614647226.885656
1614647226.895688
1614647226.902360
1614647226.922328
1614647226.925658
1614647226.932334
1614647226.945671
1614647226.955659
1614647226.962325
1614647226.975656
1614647226.985656
1614647226.992323
1614647227.005696
1614647227.015658
1614647227.022347
1614647227.035666
1614647227.045680
1614647227.052350
1614647227.065657
1614647227.075656
1614647227.082356
1614647227.095712
1614647227.105660
1614647227.112325
1614647227.125723
1614647227.135667
1614647227.142324
1614647227.155661
1614647227.165683
1614647227.172323
1614647227.185655
1614647227.195694
1614647227.202352
1614647227.215688
1614647227.225775
1614647227.232347
1614647227.245703
1614647227.255658
1614647227.262338
1614647227.275681
1614647227.285703
1614647227.292362
1614647227.312324
1614647227.315705
1614647227.322360
1614647227.335768
1614647227.345671
1614647227.352358
1614647227.365659
1614647227.375668
1614647227.382323
1614647227.395684
1614647227.405657
1614647227.412360
1614647227.425700
1614647227.435765
1614647227.442333
1614647227.455656
1614647227.465654
1614647227.472321
1614647227.485700
1614647227.495693
1614647227.502359
1614647227.515661
1614647227.525700
1614647227.532374
1614647227.545673
1614647227.555660
1614647227.562325
1614647227.575714
1614647227.585658
1614647227.592322
1614647227.605694
1614647227.615681
1614647227.622357
1614647227.635767
1614647227.645658
1614647227.652324
1614647227.665663
1614647227.675657
1614647227.682323
1614647227.695658
1614647227.712360
1614647227.715672
1614647227.725666
1614647227.735693
1614647227.742323
1614647227.755658
1614647227.765656
1614647227.772364
1614647227.785706
1614647227.795668
1614647227.802323
1614647227.815658
1614647227.825660
1614647227.832331
1614647227.845659
1614647227.855657
1614647227.862357
1614647227.875685
1614647227.885659
1614647227.892325
1614647227.905662
1614647227.915661
1614647227.922326
1614647227.935702
1614647227.945678
1614647227.952327
1614647227.965664
1614647227.975656
1614647227.982322
1614647227.995658
1614647228.005711
1614647228.012324
1614647228.025696
1614647228.035707
1614647228.042382
1614647228.055698
1614647228.065667
1614647228.072329
1614647228.085658
1614647228.102361
1614647228.105656
1614647228.115696
1614647228.125710
1614647228.132354
1614647228.145672
1614647228.155659
1614647228.162326
1614647228.175655
1614647228.185655
1614647228.192321
1614647228.205656
1614647228.215717
1614647228.222325
1614647228.235691
1614647228.245658
1614647228.252355
1614647228.265656
1614647228.275655
1614647228.282355
1614647228.295657
1614647228.305657
1614647228.312376
1614647228.325706
1614647228.335697
1614647228.342326
1614647228.355659
1614647228.365657
1614647228.372323
1614647228.385650
1614647228.395713
1614647228.402357
1614647228.415731
1614647228.425660
1614647228.432359
1614647228.445660
1614647228.455657
1614647228.462363
1614647228.475689
1614647228.492357
1614647228.495656
1614647228.505658
1614647228.515658
1614647228.522327
1614647228.535668
1614647228.545666
1614647228.552374
1614647228.565681
1614647228.575681
1614647228.582324
1614647228.595658
1614647228.605729
1614647228.612334
1614647228.625775
1614647228.635759
1614647228.642359
1614647228.655695
1614647228.665694
1614647228.672323
1614647228.685656
1614647228.695688
1614647228.702352
1614647228.715676
1614647228.725757
1614647228.732423
1614647228.745719
1614647228.755683
1614647228.762333
1614647228.775660
1614647228.785657
1614647228.792361
1614647228.805659
1614647228.815695
1614647228.822372
1614647228.835704
1614647228.845662
1614647228.852323
1614647228.865679
1614647228.875656
1614647228.888991
1614647228.895712
1614647228.905666
1614647228.912348
1614647228.925698
1614647228.935666
1614647228.942351
1614647228.955661
1614647228.965688
1614647228.972324
1614647228.985667
1614647228.995656
1614647229.002324
1614647229.015695
1614647229.025701
1614647229.032360
1614647229.045659
1614647229.055658
1614647229.062323
1614647229.075655
1614647229.085655
1614647229.092321
1614647229.105680
1614647229.115662
1614647229.122357
1614647229.135765
1614647229.145676
1614647229.152367
1614647229.165657
1614647229.175656
1614647229.182322
1614647229.195694
1614647229.205657
1614647229.212322
1614647229.225776
1614647229.235666
1614647229.242280
1614647229.255656
1614647229.265656
1614647229.279001
1614647229.285673
1614647229.295685
1614647229.302360
1614647229.315679
1614647229.325708
1614647229.332355
1614647229.345671
1614647229.355660
1614647229.362324
1614647229.375662
1614647229.385658
1614647229.392323
1614647229.405678
1614647229.415674
1614647229.422328
1614647229.435670
1614647229.445659
1614647229.452325
1614647229.465657
1614647229.475659
1614647229.482323
1614647229.495692
1614647229.505689
1614647229.512349
1614647229.525761
1614647229.535666
1614647229.542340
1614647229.555670
1614647229.565656
1614647229.572324
1614647229.585656
1614647229.595656
1614647229.602360
1614647229.615674
1614647229.625741
1614647229.632365
1614647229.645659
1614647229.655657
1614647229.662333
1614647229.675656
1614647229.685671
1614647229.692357
1614647229.705677
1614647229.715714
1614647229.722327
1614647229.735673
1614647229.745674
1614647229.752369
1614647229.765694
1614647229.775657
1614647229.782353
1614647229.795659
1614647229.805698
1614647229.812365
1614647229.825775
1614647229.835756
1614647229.842350
1614647229.855658
1614647229.865654
1614647229.872322
1614647229.885656
1614647229.895700
1614647229.902386
1614647229.915660
1614647229.925677
1614647229.932348
1614647229.945698
1614647229.955694
1614647229.962363
1614647229.975655
1614647229.985668
1614647229.992345
1614647230.005660
1614647230.015705
1614647230.022365
1614647230.035769
1614647230.045661
1614647230.052324
1614647230.072323
1614647230.075656
1614647230.082324
1614647230.095700
1614647230.105657
1614647230.112325
1614647230.125700
1614647230.135691
1614647230.142356
1614647230.155661
1614647230.165699
1614647230.172355
1614647230.185656
1614647230.195656
1614647230.202355
1614647230.215680
1614647230.225660
1614647230.232374
1614647230.245672
1614647230.255655
1614647230.262322
1614647230.275655
1614647230.285658
1614647230.292325
1614647230.305674
1614647230.315705
1614647230.322328
1614647230.335712
1614647230.345711
1614647230.352381
1614647230.365715
1614647230.375658
1614647230.382360
1614647230.395691
1614647230.405688
1614647230.412359
1614647230.425693
1614647230.435701
1614647230.442325
1614647230.462353
1614647230.465668
1614647230.472321
1614647230.485702
1614647230.495657
1614647230.502354
1614647230.515657
1614647230.525688
1614647230.532352
1614647230.545677
1614647230.555660
1614647230.562350
1614647230.575686
1614647230.585659
1614647230.592322
1614647230.605657
1614647230.615662
1614647230.622338
1614647230.635698
1614647230.645661
1614647230.652374
1614647230.665656
1614647230.675655
1614647230.682321
1614647230.695706
1614647230.705670
1614647230.712347
1614647230.725659
1614647230.735693
1614647230.742342
1614647230.755692
1614647230.765691
1614647230.772324
1614647230.785660
1614647230.795689
1614647230.802354
1614647230.815689
1614647230.825764
1614647230.832372
1614647230.845685
1614647230.862371
1614647230.865686
1614647230.875690
1614647230.885656
1614647230.892352
1614647230.905656
1614647230.915657
1614647230.922324
1614647230.935665
1614647230.945667
1614647230.952353
1614647230.965657
1614647230.975656
1614647230.982327
1614647230.995700
1614647231.005658
1614647231.012367
1614647231.025767
1614647231.035666
1614647231.042325
1614647231.055656
1614647231.065680
1614647231.072322
1614647231.085681
1614647231.095695
1614647231.102322
1614647231.115657
1614647231.125658
1614647231.132362
1614647231.145666
1614647231.155659
1614647231.162323
1614647231.175657
1614647231.185659
1614647231.192351
1614647231.205656
1614647231.215670
1614647231.222323
1614647231.235767
1614647231.252323
1614647231.255677
1614647231.265678
1614647231.275688
1614647231.282355
1614647231.295681
1614647231.305690
1614647231.312323
1614647231.325685
1614647231.335704
1614647231.342351
1614647231.355686
1614647231.365689
1614647231.372323
1614647231.385696
1614647231.395687
1614647231.402323
1614647231.415702
1614647231.425659
1614647231.432339
1614647231.445691
1614647231.455684
1614647231.462352
1614647231.475699
1614647231.485683
1614647231.492355
1614647231.505667
1614647231.515673
1614647231.522327
1614647231.535756
1614647231.545670
1614647231.552330
1614647231.565657
1614647231.575688
1614647231.582324
1614647231.595656
1614647231.605690
1614647231.612387
1614647231.625771
1614647231.642330
1614647231.645655
1614647231.655693
1614647231.665656
1614647231.672322
1614647231.685655
1614647231.695655
1614647231.702321
1614647231.715672
1614647231.725712
1614647231.732360
1614647231.745679
1614647231.755660
1614647231.762351
1614647231.775655
1614647231.785656
1614647231.792325
1614647231.805658
1614647231.815728
1614647231.822367
1614647231.835713
1614647231.845657
1614647231.852324
1614647231.865704
1614647231.872323
1614647231.882322
1614647231.895657
1614647231.902348
1614647231.912323
1614647231.925694
1614647231.932360
1614647231.942326
1614647231.955660
1614647231.962325
1614647231.972324
1614647231.985689
1614647231.992362
1614647232.002359
1614647232.015689
1614647232.022353
1614647232.039033
1614647232.045717
1614647232.052369
1614647232.062327
1614647232.075694
1614647232.082323
1614647232.092355
1614647232.105655
1614647232.112323
1614647232.122324
1614647232.135685
1614647232.142355
1614647232.152329
1614647232.165683
1614647232.172354
1614647232.182323
1614647232.195685
1614647232.202333
1614647232.212323
1614647232.225683
1614647232.232349
1614647232.242391
1614647232.255692
1614647232.262355
1614647232.272379
1614647232.285689
1614647232.292354
1614647232.302324
1614647232.315657
1614647232.322362
1614647232.332335
1614647232.345690
1614647232.352326
1614647232.362351
1614647232.375657
1614647232.382346
1614647232.392369
1614647232.405693
1614647232.412360
1614647232.429112
1614647232.435760
1614647232.442324
1614647232.452322
1614647232.465656
1614647232.472322
1614647232.482323
1614647232.495656
1614647232.502363
1614647232.512325
1614647232.525702
1614647232.532372
1614647232.542327
1614647232.555659
1614647232.562324
1614647232.572322
1614647232.585655
1614647232.592381
1614647232.602322
1614647232.615658
1614647232.622326
1614647232.632371
1614647232.645672
1614647232.652323
1614647232.662323
1614647232.675657
1614647232.682360
1614647232.692362
1614647232.705657
1614647232.712324
1614647232.722326
1614647232.735782
1614647232.742324
1614647232.752327
1614647232.765656
1614647232.772322
1614647232.782323
1614647232.795657
1614647232.802347
1614647232.812356
1614647232.832365
1614647232.835717
1614647232.842325
1614647232.855694
1614647232.862324
1614647232.872325
1614647232.885656
1614647232.892355
1614647232.902347
1614647232.915658
1614647232.922325
1614647232.932355
1614647232.945673
1614647232.952326
1614647232.962353
1614647232.975658
1614647232.982322
1614647232.992347
1614647233.005655
1614647233.012324
1614647233.022364
1614647233.035672
1614647233.042324
1614647233.052354
1614647233.065688
1614647233.072324
1614647233.082323
1614647233.095685
1614647233.102322
1614647233.112325
1614647233.125720
1614647233.132333
1614647233.142328
1614647233.155661
1614647233.162323
1614647233.172323
1614647233.185657
1614647233.192323
1614647233.202323
1614647233.222350
1614647233.225656
1614647233.232384
1614647233.245692
1614647233.252364
1614647233.262324
1614647233.275655
1614647233.282321
1614647233.292355
1614647233.305696
1614647233.312323
1614647233.322329
1614647233.335665
1614647233.342322
1614647233.352328
1614647233.365655
1614647233.372322
1614647233.382322
1614647233.395684
1614647233.402353
1614647233.412362
1614647233.425783
1614647233.432360
1614647233.442332
1614647233.455656
1614647233.462349
1614647233.472373
1614647233.485655
1614647233.492354
1614647233.502345
1614647233.515676
1614647233.522329
1614647233.532331
1614647233.545669
1614647233.552325
1614647233.562322
1614647233.575656
1614647233.582325
1614647233.592351
1614647233.612350
1614647233.615657
1614647233.622361
1614647233.635760
1614647233.642348
1614647233.652323
1614647233.665694
1614647233.672325
1614647233.682323
1614647233.695699
1614647233.702367
1614647233.712324
1614647233.725733
1614647233.732361
1614647233.742369
1614647233.755661
1614647233.762347
1614647233.772324
1614647233.785656
1614647233.792357
1614647233.802364
1614647233.815660
1614647233.822322
1614647233.832371
1614647233.845694
1614647233.852324
1614647233.862364
1614647233.875700
1614647233.882356
1614647233.892354
1614647233.905689
1614647233.912364
1614647233.922339
1614647233.935703
1614647233.942323
1614647233.952326
1614647233.965690
1614647233.972351
1614647233.982355
1614647233.995699
1614647234.005656
1614647234.012362
1614647234.025774
1614647234.032366
1614647234.042352
1614647234.055694
1614647234.062364
1614647234.072324
1614647234.085688
1614647234.092325
1614647234.102323
1614647234.115658
1614647234.122324
1614647234.132341
1614647234.145669
1614647234.152359
1614647234.162325
1614647234.175695
1614647234.182357
1614647234.192322
1614647234.205692
1614647234.212324
1614647234.222357
1614647234.235769
1614647234.242324
1614647234.252323
1614647234.265655
1614647234.272322
1614647234.282322
1614647234.295693
1614647234.302322
1614647234.312350
1614647234.325663
1614647234.332331
1614647234.342326
1614647234.355659
1614647234.362322
1614647234.372323
1614647234.385655
1614647234.395654
1614647234.402321
1614647234.415671
1614647234.422332
1614647234.432397
1614647234.445711
1614647234.452382
1614647234.462367
1614647234.475660
1614647234.482323
1614647234.492359
1614647234.505680
1614647234.512356
1614647234.522358
1614647234.535676
1614647234.542324
1614647234.552326
1614647234.565682
1614647234.572322
1614647234.582323
1614647234.595686
1614647234.602357
1614647234.612324
1614647234.625662
1614647234.632404
1614647234.642331
1614647234.655657
1614647234.662322
1614647234.672321
1614647234.685664
1614647234.692361
1614647234.702359
1614647234.715659
1614647234.722356
1614647234.732368
1614647234.745671
1614647234.752326
1614647234.762324
1614647234.775655
1614647234.782323
1614647234.792352
1614647234.805685
1614647234.812352
1614647234.822324
1614647234.835720
1614647234.842331
1614647234.852325
1614647234.865700
1614647234.872321
1614647234.882323
1614647234.895688
1614647234.902353
1614647234.912325
1614647234.925723
1614647234.932338
1614647234.942327
1614647234.955660
1614647234.962323
1614647234.972322
1614647234.985679
1614647234.992353
1614647235.002323
1614647235.015658
1614647235.022347
1614647235.032382
1614647235.045658
1614647235.052321
1614647235.062355
1614647235.075665
1614647235.082322
1614647235.092321
1614647235.105656
1614647235.112323
1614647235.122342
1614647235.135668
1614647235.142324
1614647235.152326
1614647235.165655
1614647235.172322
1614647235.188997
1614647235.195690
1614647235.202359
1614647235.212355
1614647235.225778
1614647235.232336
1614647235.242327
1614647235.255655
1614647235.262323
1614647235.272322
1614647235.285689
1614647235.292355
1614647235.302322
1614647235.315658
1614647235.322296
1614647235.332381
1614647235.345701
1614647235.352326
1614647235.362323
1614647235.375686
1614647235.382331
1614647235.392322
1614647235.405690
1614647235.412332
1614647235.422350
1614647235.435666
1614647235.442349
1614647235.452322
1614647235.465655
1614647235.472363
1614647235.482321
1614647235.495686
1614647235.502321
1614647235.512353
1614647235.525721
1614647235.532331
1614647235.542327
1614647235.555677
1614647235.562322
1614647235.578987
1614647235.585656
1614647235.592321
1614647235.602346
1614647235.615671
1614647235.622401
1614647235.632368
1614647235.645659
1614647235.652322
1614647235.662322
1614647235.675658
1614647235.682327
1614647235.692323
1614647235.705656
1614647235.712323
1614647235.722325
1614647235.735718
1614647235.742323
1614647235.752328
1614647235.765656
1614647235.772348
1614647235.782361
1614647235.795693
1614647235.802359
1614647235.812324
1614647235.825660
1614647235.832354
1614647235.842331
1614647235.855655
1614647235.862322
1614647235.872323
1614647235.885655
1614647235.892355
1614647235.902360
1614647235.915658
1614647235.922323
1614647235.932336
1614647235.945668
1614647235.952325
1614647235.962324
1614647235.982322
1614647235.985656
1614647235.992361
1614647236.005690
1614647236.012323
1614647236.022324
1614647236.035788
1614647236.042332
1614647236.052351
1614647236.065654
1614647236.072323
1614647236.082322
1614647236.095672
1614647236.102360
1614647236.112323
1614647236.125691
1614647236.132340
1614647236.142337
1614647236.155659
1614647236.162324
1614647236.172323
1614647236.185657
1614647236.192323
1614647236.202324
1614647236.215690
1614647236.222324
1614647236.232339
1614647236.245674
1614647236.252324
1614647236.262324
1614647236.275656
1614647236.282323
1614647236.292323
1614647236.305657
1614647236.312324
1614647236.322331
1614647236.335786
1614647236.342325
1614647236.352328
1614647236.372321
1614647236.375655
1614647236.382323
1614647236.395694
1614647236.402374
1614647236.412362
1614647236.425776
1614647236.432387
1614647236.442343
1614647236.455683
1614647236.462322
1614647236.472322
1614647236.485689
1614647236.492355
1614647236.502359
1614647236.515659
1614647236.522324
1614647236.532355
1614647236.545671
1614647236.552329
1614647236.562324
1614647236.575657
1614647236.582345
1614647236.592363
1614647236.605693
1614647236.612324
1614647236.622325
1614647236.635762
1614647236.642325
1614647236.652324
1614647236.665658
1614647236.672322
1614647236.682322
1614647236.695693
1614647236.702322
1614647236.712325
1614647236.725728
1614647236.732330
1614647236.742327
1614647236.762336
1614647236.765654
1614647236.772329
1614647236.785655
1614647236.792346
1614647236.802322
1614647236.815656
1614647236.822354
1614647236.832365
1614647236.845659
1614647236.852322
1614647236.862321
1614647236.875655
1614647236.882345
1614647236.892358
1614647236.905661
1614647236.912323
1614647236.922326
1614647236.935769
1614647236.942370
1614647236.952386
1614647236.965700
1614647236.972331
1614647236.982326
1614647236.995694
1614647237.002323
1614647237.012324
1614647237.025695
1614647237.032324
1614647237.042344
1614647237.055659
1614647237.062321
1614647237.072321
1614647237.085655
1614647237.092321
1614647237.102322
1614647237.115700
1614647237.122321
1614647237.132327
1614647237.145700
1614647237.155658
1614647237.162368
1614647237.175656
1614647237.182322
1614647237.192356
1614647237.205709
1614647237.212371
1614647237.222353
1614647237.235699
1614647237.242364
1614647237.252336
1614647237.265655
1614647237.272322
1614647237.282354
1614647237.295693
1614647237.302361
1614647237.312324
1614647237.325726
1614647237.332327
1614647237.342327
1614647237.355661
1614647237.362355
1614647237.372323
1614647237.385656
1614647237.392323
1614647237.402363
1614647237.415656
1614647237.422338
1614647237.432409
1614647237.445661
1614647237.452345
1614647237.462336
1614647237.475655
1614647237.482321
1614647237.492372
1614647237.505655
1614647237.512346
1614647237.522323
1614647237.535673
1614647237.545698
1614647237.552325
1614647237.565656
1614647237.572349
1614647237.582358
1614647237.595700
1614647237.602367
1614647237.612355
1614647237.625769
1614647237.632440
1614647237.642329
1614647237.655654
1614647237.662321
1614647237.672333
1614647237.685655
1614647237.692321
1614647237.702357
1614647237.715658
1614647237.722327
1614647237.732337
1614647237.745690
1614647237.752325
1614647237.762363
1614647237.775655
1614647237.782321
1614647237.792329
1614647237.805693
1614647237.812351
1614647237.822324
1614647237.835670
1614647237.842361
1614647237.852323
1614647237.865657
1614647237.872367
1614647237.882322
1614647237.895702
1614647237.902328
1614647237.912323
1614647237.925782
1614647237.932361
1614647237.948998
1614647237.955655
1614647237.962321
1614647237.972343
1614647237.985656
1614647237.992350
1614647238.002322
1614647238.015699
1614647238.022354
1614647238.032330
1614647238.045648
1614647238.052335
1614647238.062321
1614647238.075668
1614647238.082323
1614647238.092322
1614647238.105656
1614647238.112324
1614647238.122360
1614647238.135699
1614647238.142338
1614647238.152371
1614647238.165670
1614647238.172323
1614647238.182321
1614647238.195687
1614647238.202360
1614647238.212353
1614647238.225779
1614647238.232355
1614647238.242331
1614647238.255654
1614647238.262321
1614647238.272321
1614647238.285655
1614647238.292321
1614647238.302322
1614647238.315657
1614647238.322323
1614647238.339052
1614647238.345671
1614647238.352327
1614647238.362355
1614647238.375688
1614647238.382354
1614647238.392354
1614647238.405692
1614647238.412325
1614647238.422439
1614647238.435705
1614647238.442356
1614647238.452323
1614647238.465656
1614647238.472323
1614647238.482322
1614647238.495692
1614647238.502325
1614647238.512355
1614647238.525695
1614647238.532365
1614647238.542364
1614647238.555659
1614647238.562353
1614647238.572321
1614647238.585687
1614647238.592363
1614647238.602360
1614647238.615687
1614647238.622356
1614647238.632442
1614647238.645661
1614647238.652324
1614647238.662324
1614647238.675655
1614647238.682321
1614647238.692321
1614647238.705657
1614647238.712368
1614647238.728994
1614647238.735670
1614647238.742330
1614647238.752326
1614647238.765692
1614647238.772323
1614647238.782361
1614647238.795667
1614647238.802359
1614647238.812371
1614647238.825695
1614647238.832451
1614647238.842359
1614647238.855725
1614647238.862364
1614647238.872349
1614647238.885688
1614647238.892323
1614647238.902355
1614647238.915658
1614647238.922324
1614647238.932362
1614647238.945680
1614647238.952327
1614647238.962322
1614647238.975655
1614647238.982321
1614647238.992321
1614647239.005654
1614647239.012359
1614647239.022370
1614647239.035669
1614647239.042325
1614647239.052323
1614647239.065656
1614647239.072359
1614647239.082357
1614647239.095686
1614647239.102359
1614647239.112323
1614647239.132325
1614647239.135666
1614647239.142349
1614647239.155662
1614647239.162372
1614647239.172325
1614647239.185658
1614647239.192364
1614647239.202377
1614647239.215704
1614647239.222360
1614647239.232443
1614647239.245658
1614647239.252353
1614647239.262347
1614647239.275685
1614647239.282326
1614647239.292323
1614647239.305656
1614647239.312367
1614647239.322326
1614647239.335695
1614647239.342326
1614647239.352339
1614647239.365656
1614647239.372323
1614647239.382323
1614647239.395656
1614647239.402366
1614647239.412326
1614647239.425776
1614647239.432406
1614647239.442327
1614647239.455679
1614647239.462346
1614647239.472345
1614647239.485690
1614647239.492354
1614647239.502361
1614647239.522328
1614647239.525696
1614647239.532322
1614647239.545674
1614647239.552327
1614647239.562321
1614647239.575654
1614647239.582321
1614647239.592321
1614647239.605655
1614647239.612321
1614647239.622324
1614647239.635692
1614647239.642331
1614647239.652341
1614647239.665655
1614647239.672323
1614647239.682368
1614647239.695656
1614647239.702322
1614647239.712348
1614647239.725662
1614647239.732360
1614647239.742326
1614647239.755659
1614647239.762322
1614647239.772321
1614647239.785655
1614647239.792354
1614647239.802352
1614647239.815656
1614647239.822364
1614647239.832359
1614647239.845659
1614647239.852321
1614647239.862330
1614647239.875655
1614647239.882356
1614647239.892351
1614647239.905654
1614647239.915656
1614647239.922354
1614647239.935699
1614647239.942326
1614647239.952327
1614647239.965657
1614647239.972334
1614647239.982323
1614647239.995656
1614647240.002322
1614647240.012323
1614647240.025658
1614647240.032440
1614647240.042334
1614647240.055656
1614647240.062323
1614647240.072323
1614647240.085656
1614647240.092323
1614647240.102365
1614647240.115663
1614647240.122324
1614647240.132325
1614647240.145667
1614647240.152353
1614647240.162333
1614647240.175655
1614647240.182322
1614647240.192355
1614647240.205685
1614647240.212321
1614647240.222323
1614647240.235716
1614647240.242361
1614647240.252322
1614647240.265712
1614647240.272321
1614647240.282322
1614647240.295656
1614647240.305688
1614647240.312357
1614647240.325737
1614647240.332374
1614647240.342325
1614647240.355660
1614647240.362324
1614647240.372324
1614647240.385657
1614647240.392323
1614647240.402322
1614647240.415681
1614647240.422355
1614647240.432440
1614647240.445658
1614647240.452321
1614647240.462335
1614647240.475654
1614647240.482321
1614647240.492321
1614647240.505657
1614647240.512360
1614647240.522324
1614647240.535672
1614647240.542327
1614647240.552327
1614647240.565656
1614647240.572322
1614647240.582323
1614647240.595656
1614647240.602323
1614647240.612387
1614647240.625727
1614647240.632437
1614647240.642356
1614647240.655695
1614647240.662320
1614647240.672322
1614647240.685655
1614647240.695657
1614647240.702354
1614647240.715657
1614647240.722356
1614647240.732327
1614647240.745669
1614647240.752359
1614647240.762361
1614647240.775704
1614647240.782337
1614647240.792359
1614647240.805658
1614647240.812356
1614647240.822374
1614647240.835760
1614647240.842386
1614647240.852441
1614647240.865669
1614647240.872329
1614647240.882325
1614647240.895687
1614647240.902328
1614647240.912316
1614647240.925691
1614647240.932357
1614647240.942326
1614647240.955659
1614647240.962347
1614647240.972364
1614647240.985688
1614647240.992361
1614647241.002359
1614647241.015696
1614647241.022354
1614647241.032326
1614647241.045660
1614647241.052352
1614647241.062320
1614647241.075696
1614647241.082361
1614647241.099015
1614647241.105691
1614647241.112338
1614647241.122365
1614647241.135702
1614647241.142325
1614647241.152363
1614647241.165687
1614647241.172365
1614647241.182378
1614647241.195687
1614647241.202358
1614647241.212375
1614647241.225764
1614647241.232410
1614647241.242326
1614647241.255687
1614647241.262322
1614647241.272354
1614647241.285686
1614647241.292366
1614647241.302358
1614647241.315668
1614647241.322356
1614647241.332357
1614647241.345664
1614647241.352327
1614647241.362375
1614647241.375654
1614647241.382347
1614647241.392362
1614647241.405712
1614647241.412330
1614647241.422370
1614647241.435701
1614647241.442325
1614647241.452322
1614647241.465687
1614647241.472355
1614647241.489022
1614647241.495692
1614647241.502357
1614647241.512351
1614647241.525712
1614647241.532323
1614647241.542327
1614647241.555657
1614647241.562323
1614647241.572321
1614647241.585661
1614647241.592351
1614647241.602358
1614647241.615660
1614647241.622360
1614647241.632403
1614647241.645658
1614647241.652321
1614647241.662361
1614647241.675688
1614647241.682346
1614647241.692347
1614647241.705695
1614647241.712361
1614647241.722324
1614647241.735706
1614647241.742364
1614647241.752326
1614647241.765657
1614647241.772322
1614647241.782321
1614647241.795654
1614647241.802370
1614647241.812322
1614647241.825770
1614647241.832357
1614647241.842363
1614647241.855693
1614647241.862373
1614647241.879056
1614647241.885655
1614647241.892349
1614647241.902356
1614647241.915657
1614647241.922326
1614647241.932358
1614647241.945668
1614647241.952346
1614647241.962357
1614647241.975679
1614647241.982323
1614647241.992321
1614647242.005654
1614647242.012364
1614647242.022322
1614647242.035665
1614647242.042360
1614647242.052323
1614647242.065687
1614647242.072321
1614647242.082321
1614647242.095654
1614647242.102323
1614647242.112360
1614647242.125695
1614647242.132329
1614647242.142325
1614647242.155658
1614647242.162321
1614647242.172322
1614647242.185655
1614647242.192322
1614647242.202335
1614647242.215657
1614647242.222353
1614647242.232323
1614647242.245659
1614647242.252354
1614647242.262321
1614647242.282322
1614647242.285673
1614647242.292351
1614647242.305656
1614647242.312322
1614647242.322347
1614647242.335670
1614647242.342347
1614647242.352358
1614647242.365656
1614647242.372361
1614647242.382356
1614647242.395656
1614647242.402371
1614647242.412322
1614647242.425767
1614647242.432321
1614647242.442327
1614647242.455687
1614647242.462356
1614647242.472322
1614647242.485653
1614647242.492355
1614647242.502354
1614647242.515656
1614647242.522356
1614647242.532356
1614647242.545669
1614647242.552365
1614647242.562324
1614647242.575655
1614647242.582345
1614647242.592362
1614647242.605654
1614647242.612362
1614647242.622351
1614647242.635736
1614647242.642324
1614647242.652346
1614647242.672322
1614647242.675654
1614647242.682323
1614647242.695692
1614647242.702369
1614647242.712359
1614647242.725752
1614647242.732325
1614647242.742326
1614647242.755659
1614647242.762353
1614647242.772323
1614647242.785683
1614647242.792350
1614647242.802351
1614647242.815672
1614647242.822323
1614647242.832366
1614647242.845711
1614647242.852374
1614647242.862353
1614647242.875667
1614647242.882329
1614647242.892325
1614647242.905656
1614647242.912324
1614647242.922323
1614647242.935667
1614647242.942338
1614647242.952327
1614647242.965658
1614647242.972325
1614647242.982322
1614647242.995656
1614647243.002323
1614647243.012321
1614647243.025692
1614647243.032387
1614647243.042325
1614647243.055657
1614647243.065654
1614647243.072321
1614647243.085654
1614647243.092321
1614647243.102321
1614647243.115690
1614647243.122336
1614647243.132370
1614647243.145669
1614647243.152327
1614647243.162321
1614647243.175654
1614647243.182321
1614647243.192320
1614647243.205688
1614647243.212358
1614647243.222358
1614647243.235700
1614647243.242323
1614647243.252354
1614647243.265656
1614647243.272321
1614647243.282320
1614647243.295710
1614647243.302353
1614647243.312351
1614647243.325662
1614647243.332329
1614647243.342325
1614647243.355694
1614647243.362323
1614647243.372331
1614647243.385656
1614647243.392362
1614647243.402322
1614647243.415688
1614647243.422396
1614647243.432365
1614647243.445660
1614647243.455656
1614647243.462326
1614647243.475669
1614647243.482323
1614647243.492321
1614647243.505655
1614647243.512331
1614647243.522324
1614647243.535666
1614647243.542339
1614647243.552325
1614647243.565655
1614647243.572322
1614647243.582322
1614647243.595683
1614647243.602353
1614647243.612365
1614647243.625771
1614647243.632439
1614647243.642326
1614647243.655654
1614647243.662320
1614647243.672320
1614647243.685654
1614647243.692320
1614647243.702359
1614647243.715659
1614647243.722323
1614647243.732324
1614647243.745661
1614647243.752325
1614647243.762351
1614647243.775655
1614647243.782323
1614647243.792362
1614647243.805719
1614647243.812350
1614647243.822327
1614647243.835687
1614647243.845655
1614647243.852322
1614647243.865654
1614647243.872334
1614647243.882321
1614647243.895655
1614647243.902349
1614647243.912347
1614647243.925665
1614647243.932323
1614647243.942327
1614647243.955684
1614647243.962334
1614647243.972321
1614647243.985657
1614647243.992359
1614647244.002360
1614647244.015694
1614647244.022418
1614647244.032361
1614647244.045659
1614647244.052324
1614647244.062323
1614647244.075655
1614647244.082323
1614647244.092321
1614647244.105656
1614647244.112350
1614647244.122324
1614647244.135698
1614647244.142323
1614647244.152325
1614647244.165659
1614647244.172321
1614647244.182320
1614647244.195654
1614647244.202362
1614647244.212360
1614647244.225759
1614647244.232361
1614647244.248990
1614647244.255655
1614647244.262352
1614647244.272346
1614647244.285657
1614647244.292321
1614647244.302350
1614647244.315673
1614647244.322322
1614647244.332402
1614647244.345659
1614647244.352336
1614647244.362321
1614647244.375654
1614647244.382352
1614647244.392323
1614647244.405656
1614647244.412361
1614647244.422353
1614647244.435698
1614647244.442325
1614647244.452333
1614647244.465657
1614647244.472323
1614647244.482323
1614647244.495656
1614647244.502323
1614647244.512324
1614647244.525783
1614647244.532331
1614647244.542329
1614647244.555672
1614647244.562323
1614647244.572322
1614647244.585656
1614647244.592322
1614647244.602323
1614647244.615687
1614647244.622366
1614647244.639069
1614647244.645713
1614647244.652379
1614647244.662378
1614647244.675685
1614647244.682367
1614647244.692362
1614647244.705656
1614647244.712357
1614647244.722355
1614647244.735667
1614647244.742323
1614647244.752331
1614647244.765657
1614647244.772322
1614647244.782323
1614647244.795695
1614647244.802328
1614647244.812328
1614647244.825694
1614647244.832322
1614647244.842331
1614647244.855688
1614647244.862354
1614647244.872321
1614647244.885706
1614647244.892357
1614647244.902372
1614647244.915668
1614647244.922360
1614647244.932345
1614647244.945659
1614647244.952327
1614647244.962323
1614647244.975683
1614647244.982331
1614647244.992351
1614647245.005655
1614647245.012322
1614647245.022353
1614647245.035748
1614647245.042379
1614647245.052373
1614647245.065678
1614647245.072325
1614647245.082355
1614647245.095670
1614647245.102354
1614647245.112322
1614647245.125655
1614647245.132325
1614647245.142326
1614647245.155657
1614647245.162320
1614647245.172324
1614647245.185654
1614647245.192321
1614647245.202374
1614647245.215660
1614647245.222346
1614647245.232361
1614647245.245659
1614647245.252366
1614647245.262332
1614647245.275687
1614647245.282348
1614647245.292353
1614647245.305688
1614647245.312325
1614647245.322323
1614647245.335666
1614647245.342323
1614647245.352351
1614647245.365656
1614647245.372324
1614647245.382322
1614647245.395692
1614647245.402350
1614647245.412334
1614647245.438994
1614647245.442322
1614647245.445654
1614647245.455656
1614647245.462322
1614647245.472321
1614647245.485653
1614647245.492320
1614647245.502345
1614647245.515657
1614647245.522321
1614647245.532361
1614647245.545661
1614647245.552325
1614647245.562321
1614647245.575660
1614647245.582320
1614647245.592350
1614647245.605684
1614647245.612380
1614647245.622321
1614647245.635674
1614647245.642328
1614647245.652323
1614647245.665655
1614647245.672320
1614647245.682322
1614647245.695706
1614647245.702322
1614647245.712355
1614647245.725755
1614647245.732358
1614647245.742361
1614647245.755657
1614647245.762349
1614647245.772385
1614647245.785653
1614647245.792320
1614647245.802324
1614647245.822326
1614647245.829002
1614647245.832323
1614647245.845658
1614647245.852322
1614647245.862322
1614647245.875681
1614647245.882322
1614647245.892322
1614647245.905655
1614647245.912323
1614647245.922323
1614647245.935720
1614647245.942387
1614647245.952346
1614647245.965662
1614647245.972324
1614647245.982322
1614647245.995661
1614647246.002353
1614647246.012337
1614647246.025655
1614647246.032323
1614647246.042327
1614647246.055687
1614647246.062321
1614647246.072322
1614647246.085654
1614647246.092321
1614647246.102324
1614647246.115675
1614647246.122322
1614647246.132326
1614647246.145660
1614647246.152329
1614647246.162322
1614647246.175655
1614647246.182325
1614647246.192360
1614647246.205691
1614647246.218987
1614647246.222347
1614647246.235670
1614647246.242355
1614647246.252359
1614647246.265654
1614647246.272320
1614647246.282346
1614647246.295692
1614647246.302357
1614647246.312352
1614647246.325696
1614647246.332437
1614647246.342361
1614647246.355698
1614647246.362321
1614647246.372320
1614647246.385654
1614647246.392322
1614647246.402359
1614647246.415655
1614647246.422351
1614647246.432329
1614647246.445684
1614647246.452332
1614647246.462321
1614647246.475683
1614647246.482350
1614647246.492351
1614647246.505654
1614647246.512322
1614647246.522323
1614647246.535759
1614647246.542384
1614647246.552369
1614647246.565657
1614647246.572353
1614647246.582320
1614647246.595697
1614647246.609025
1614647246.612321
1614647246.625689
1614647246.632329
1614647246.642324
1614647246.655687
1614647246.662373
1614647246.672359
1614647246.685678
1614647246.692364
1614647246.702361
1614647246.715655
1614647246.722322
1614647246.732381
1614647246.745674
1614647246.752335
1614647246.762367
1614647246.775661
1614647246.782321
1614647246.792352
1614647246.805693
1614647246.812354
1614647246.822358
1614647246.835671
1614647246.842322
1614647246.852321
1614647246.865653
1614647246.872322
1614647246.882321
1614647246.895700
1614647246.902320
1614647246.912324
1614647246.925671
1614647246.932403
1614647246.942342
1614647246.955694
1614647246.962323
1614647246.972351
1614647246.985654
1614647246.998996
1614647247.002349
1614647247.015687
1614647247.022323
1614647247.032351
1614647247.045657
1614647247.052333
1614647247.062321
1614647247.075655
1614647247.082321
1614647247.092347
1614647247.105679
1614647247.112355
1614647247.122352
1614647247.135691
1614647247.142349
1614647247.152291
1614647247.165656
1614647247.172321
1614647247.182322
1614647247.195695
1614647247.202322
1614647247.212345
1614647247.225734
1614647247.232343
1614647247.242325
1614647247.255660
1614647247.262345
1614647247.272352
1614647247.285654
1614647247.292370
1614647247.302322
1614647247.315686
1614647247.322381
1614647247.332372
1614647247.345696
1614647247.352349
1614647247.362351
1614647247.375686
1614647247.382321
1614647247.399018
1614647247.405653
1614647247.412321
1614647247.422326
1614647247.435681
1614647247.442354
1614647247.452326
1614647247.465654
1614647247.472322
1614647247.482355
1614647247.495687
1614647247.502351
1614647247.512324
1614647247.525696
1614647247.532329
1614647247.542325
1614647247.555658
1614647247.562379
1614647247.572359
1614647247.585655
1614647247.592352
1614647247.602322
1614647247.615687
1614647247.622322
1614647247.632327
1614647247.645663
1614647247.652322
1614647247.662360
1614647247.675685
1614647247.682351
1614647247.692322
1614647247.705656
1614647247.712323
1614647247.722322
1614647247.735663
1614647247.742376
1614647247.752350
1614647247.765679
1614647247.772327
1614647247.789000
1614647247.795655
1614647247.802323
1614647247.812343
1614647247.825683
1614647247.832383
1614647247.842355
1614647247.855655
1614647247.862369
1614647247.872322
1614647247.885620
1614647247.892320
1614647247.902322
1614647247.915707
1614647247.922323
1614647247.932340
1614647247.945658
1614647247.952353
1614647247.962320
1614647247.975662
1614647247.982320
1614647247.992320
1614647248.005652
1614647248.012378
1614647248.022381
1614647248.035675
1614647248.042323
1614647248.052322
1614647248.065655
1614647248.072322
1614647248.082322
1614647248.095655
1614647248.102357
1614647248.112337
1614647248.125762
1614647248.132341
1614647248.142324
1614647248.155682
1614647248.162322
1614647248.172320
1614647248.192306
1614647248.199019
1614647248.202326
1614647248.215655
1614647248.222331
1614647248.232366
1614647248.245657
1614647248.252320
1614647248.262326
1614647248.275688
1614647248.282348
1614647248.292322
1614647248.305690
1614647248.312355
1614647248.322348
1614647248.335701
1614647248.342322
1614647248.352340
1614647248.365655
1614647248.372334
1614647248.382322
1614647248.395683
1614647248.402335
1614647248.412322
1614647248.425714
1614647248.432336
1614647248.442325
1614647248.455655
1614647248.462321
1614647248.472321
1614647248.485654
1614647248.492350
1614647248.502349
1614647248.515675
1614647248.522321
1614647248.532346
1614647248.545661
1614647248.552327
1614647248.562322
1614647248.582320
1614647248.588986
1614647248.592319
1614647248.605687
1614647248.612322
1614647248.622350
1614647248.635667
1614647248.642323
1614647248.652322
1614647248.665655
1614647248.672321
1614647248.682322
1614647248.695692
1614647248.702321
1614647248.712323
1614647248.725659
1614647248.732324
1614647248.742368
1614647248.755657
1614647248.762321
1614647248.772321
1614647248.785654
1614647248.792320
1614647248.802333
1614647248.815659
1614647248.822322
1614647248.832361
1614647248.845680
1614647248.852321
1614647248.862349
1614647248.875655
1614647248.882321
1614647248.892322
1614647248.905655
1614647248.912324
1614647248.922323
1614647248.935668
1614647248.942371
1614647248.952378
1614647248.972336
1614647248.979026
1614647248.982322
1614647248.995699
1614647249.002321
1614647249.012321
1614647249.025692
1614647249.032358
1614647249.042343
1614647249.055657
1614647249.062320
1614647249.072320
1614647249.085654
1614647249.092320
1614647249.102323
1614647249.115714
1614647249.122323
1614647249.132366
1614647249.145657
1614647249.152343
1614647249.162321
1614647249.175654
1614647249.182322
1614647249.192322
1614647249.205656
1614647249.212349
1614647249.222349
1614647249.235808
1614647249.242383
1614647249.252381
1614647249.265685
1614647249.272337
1614647249.282327
1614647249.295656
1614647249.302352
1614647249.312346
1614647249.325680
1614647249.332361
1614647249.342324
1614647249.355701
1614647249.368987
1614647249.372322
1614647249.385655
1614647249.392321
1614647249.402337
1614647249.415689
1614647249.422332
1614647249.432332
1614647249.445657
1614647249.452322
1614647249.462321
1614647249.475653
1614647249.482321
1614647249.492349
1614647249.505670
1614647249.512370
1614647249.522325
1614647249.535716
1614647249.542324
1614647249.552326
1614647249.565695
1614647249.572328
1614647249.582323
1614647249.595694
1614647249.602321
1614647249.612324
1614647249.625773
1614647249.632335
1614647249.642343
1614647249.655660
1614647249.662322
1614647249.672322
1614647249.685673
1614647249.692327
1614647249.702321
1614647249.715714
1614647249.722323
1614647249.732324
1614647249.745660
1614647249.759009
1614647249.762321
1614647249.775653
1614647249.782320
1614647249.792350
1614647249.805686
1614647249.812321
1614647249.822326
1614647249.835666
1614647249.842322
1614647249.852340
1614647249.865653
1614647249.872320
1614647249.882357
1614647249.895692
1614647249.902324
1614647249.912322
1614647249.925677
1614647249.932324
1614647249.942326
1614647249.955658
1614647249.962321
1614647249.972322
1614647249.985677
1614647249.992346
1614647250.002330
1614647250.015693
1614647250.022322
1614647250.032378
1614647250.045659
1614647250.052321
1614647250.062320
1614647250.075679
1614647250.082316
1614647250.092321
1614647250.105656
1614647250.112322
1614647250.122325
1614647250.135670
1614647250.142322
1614647250.152360
1614647250.165654
1614647250.172320
1614647250.182354
1614647250.195655
1614647250.202343
1614647250.212320
1614647250.225766
1614647250.232327
1614647250.242325
1614647250.255656
1614647250.262321
1614647250.272336
1614647250.285655
1614647250.292322
1614647250.302336
1614647250.315718
1614647250.322321
1614647250.332329
1614647250.345663
1614647250.352327
1614647250.362322
1614647250.375656
1614647250.382322
1614647250.392322
1614647250.405655
1614647250.412320
1614647250.422325
1614647250.435746
1614647250.442322
1614647250.452347
1614647250.465689
1614647250.472347
1614647250.482354
1614647250.495655
1614647250.502331
1614647250.512339
1614647250.525665
1614647250.532365
1614647250.549009
1614647250.555687
1614647250.562321
1614647250.572320
1614647250.585653
1614647250.592320
1614647250.602367
1614647250.615690
1614647250.622323
1614647250.632328
1614647250.645698
1614647250.652322
1614647250.662328
1614647250.675653
1614647250.682325
1614647250.692320
1614647250.705655
1614647250.712322
1614647250.722323
1614647250.735666
1614647250.742323
1614647250.752325
1614647250.765656
1614647250.772322
1614647250.782323
1614647250.795655
1614647250.802321
1614647250.812324
1614647250.825772
1614647250.832328
1614647250.842325
1614647250.855654
1614647250.862333
1614647250.872325
1614647250.885666
1614647250.892349
1614647250.902320
1614647250.915658
1614647250.922322
1614647250.939020
1614647250.945656
1614647250.952324
1614647250.962320
1614647250.975654
1614647250.982320
1614647250.992320
1614647251.005690
1614647251.012337
1614647251.022359
1614647251.035730
1614647251.042325
1614647251.052322
1614647251.065687
1614647251.072322
1614647251.082322
1614647251.095655
1614647251.102333
1614647251.112321
1614647251.125665
1614647251.132328
1614647251.142324
1614647251.155657
1614647251.162321
1614647251.172322
1614647251.185655
1614647251.192321
1614647251.202322
1614647251.215657
1614647251.222335
1614647251.232384
1614647251.245694
1614647251.252333
1614647251.262321
1614647251.275656
1614647251.282326
1614647251.292320
1614647251.305655
1614647251.312340
1614647251.322322
1614647251.342329
1614647251.349005
1614647251.352322
1614647251.365654
1614647251.372320
1614647251.382321
1614647251.395693
1614647251.402324
1614647251.412324
1614647251.425697
1614647251.432329
1614647251.442327
1614647251.455685
1614647251.462322
1614647251.472322
1614647251.485687
1614647251.492321
1614647251.502321
1614647251.515711
1614647251.522343
1614647251.532326
1614647251.545810
1614647251.552423
1614647251.562392
1614647251.575661
1614647251.582322
1614647251.592320
1614647251.605692
1614647251.612322
1614647251.622334
1614647251.635703
1614647251.642336
1614647251.652323
1614647251.665654
1614647251.672339
1614647251.682320
1614647251.695653
1614647251.702381
1614647251.712333
1614647251.732327
1614647251.739055
1614647251.742323
1614647251.755645
1614647251.762320
1614647251.772320
1614647251.785686
1614647251.792321
1614647251.802323
1614647251.815657
1614647251.822327
1614647251.832377
1614647251.845657
1614647251.852321
1614647251.862302
1614647251.875672
1614647251.882322
1614647251.892319
1614647251.905689
1614647251.912322
1614647251.922323
1614647251.935669
1614647251.942324
1614647251.952324
1614647251.965678
1614647251.972324
1614647251.982320
1614647251.995692
1614647252.002321
1614647252.012323
1614647252.025715
1614647252.032345
1614647252.042327
1614647252.055693
1614647252.062322
1614647252.072354
1614647252.085656
1614647252.092322
1614647252.102323
1614647252.122329
1614647252.129022
1614647252.132367
1614647252.145688
1614647252.152323
1614647252.162320
1614647252.175654
1614647252.182320
1614647252.192320
1614647252.205689
1614647252.212328
1614647252.222324
1614647252.235695
1614647252.242322
1614647252.252320
1614647252.265701
1614647252.272321
1614647252.282321
1614647252.295691
1614647252.302367
1614647252.312321
1614647252.325662
1614647252.332324
1614647252.342345
1614647252.355690
1614647252.362321
1614647252.372322
1614647252.385655
1614647252.392320
1614647252.402322
1614647252.415692
1614647252.422361
1614647252.432359
1614647252.445695
1614647252.452320
1614647252.462320
1614647252.475652
1614647252.482320
1614647252.492315
1614647252.505656
1614647252.518989
1614647252.522326
1614647252.535700
1614647252.542335
1614647252.552382
1614647252.565736
1614647252.572320
1614647252.582320
1614647252.595684
1614647252.602321
1614647252.612322
1614647252.625657
1614647252.632326
1614647252.642293
1614647252.655686
1614647252.662330
1614647252.672320
1614647252.685653
1614647252.692339
1614647252.702321
1614647252.715657
1614647252.722325
1614647252.732331
1614647252.745659
1614647252.752303
1614647252.762321
1614647252.775679
1614647252.782321
1614647252.792321
1614647252.805694
1614647252.812341
1614647252.822362
1614647252.835697
1614647252.842322
1614647252.852334
1614647252.865655
1614647252.872322
1614647252.882320
1614647252.895682
1614647252.909025
1614647252.912322
1614647252.925698
1614647252.932440
1614647252.942395
1614647252.955665
1614647252.962326
1614647252.972323
1614647252.985703
1614647252.992405
1614647253.002320
1614647253.015654
1614647253.022354
1614647253.032337
1614647253.045669
1614647253.052322
1614647253.062320
1614647253.075653
1614647253.082324
1614647253.092321
1614647253.105709
1614647253.112361
1614647253.122329
1614647253.135729
1614647253.142345
1614647253.152337
1614647253.165656
1614647253.172321
1614647253.182319
1614647253.195657
1614647253.202321
1614647253.212332
1614647253.225672
1614647253.232383
1614647253.242324
1614647253.255687
1614647253.262320
1614647253.272322
1614647253.285653
1614647253.292336
1614647253.309040
1614647253.315648
1614647253.322353
1614647253.332323
1614647253.345662
1614647253.352351
1614647253.362331
1614647253.375652
1614647253.382348
1614647253.392335
1614647253.405691
1614647253.412337
1614647253.422324
1614647253.435689
1614647253.442332
1614647253.452337
1614647253.465708
1614647253.472323
1614647253.482319
1614647253.495656
1614647253.502342
1614647253.512359
1614647253.525668
1614647253.532332
1614647253.542340
1614647253.555679
1614647253.562383
1614647253.572326
1614647253.585653
1614647253.592324
1614647253.602324
1614647253.615695
1614647253.622328
1614647253.632377
1614647253.645668
1614647253.652332
1614647253.662330
1614647253.675686
1614647253.682321
1614647253.699017
1614647253.705655
1614647253.712323
1614647253.722321
1614647253.735666
1614647253.742322
1614647253.752326
1614647253.765654
1614647253.772324
1614647253.782320
1614647253.795655
1614647253.802352
1614647253.812356
1614647253.825783
1614647253.832349
1614647253.842324
1614647253.855655
1614647253.862319
1614647253.872321
1614647253.885652
1614647253.892319
1614647253.902376
1614647253.915726
1614647253.922362
1614647253.932330
1614647253.945658
1614647253.952327
1614647253.962359
1614647253.975652
1614647253.982321
1614647253.992323
1614647254.005687
1614647254.012321
1614647254.022376
1614647254.035698
1614647254.042339
1614647254.052303
1614647254.065654
1614647254.072354
1614647254.088987
1614647254.095654
1614647254.102330
1614647254.112335
1614647254.125743
1614647254.132324
1614647254.142380
1614647254.155690
1614647254.162355
1614647254.172331
1614647254.185657
1614647254.192351
1614647254.202355
1614647254.215655
1614647254.222382
1614647254.232354
1614647254.245658
1614647254.252320
1614647254.262320
1614647254.275653
1614647254.282333
1614647254.292340
1614647254.305668
1614647254.312335
1614647254.322322
1614647254.335663
1614647254.342332
1614647254.352364
1614647254.365696
1614647254.372338
1614647254.382342
1614647254.395654
1614647254.402321
1614647254.412321
1614647254.425705
1614647254.432369
1614647254.442353
1614647254.455654
1614647254.462322
1614647254.472321
1614647254.492334
1614647254.498987
1614647254.502333
1614647254.515657
1614647254.522344
1614647254.532334
1614647254.545685
1614647254.552342
1614647254.562330
1614647254.575653
1614647254.582335
1614647254.592328
1614647254.605688
1614647254.612361
1614647254.622374
1614647254.635676
1614647254.642344
1614647254.652320
1614647254.665653
1614647254.672320
1614647254.682353
1614647254.695682
1614647254.702333
1614647254.712339
1614647254.725700
1614647254.732340
1614647254.742323
1614647254.755656
1614647254.762321
1614647254.772319
1614647254.785652
1614647254.792337
1614647254.802357
1614647254.815699
1614647254.822354
1614647254.832333
1614647254.845658
1614647254.852320
1614647254.862338
1614647254.882335
1614647254.888986
1614647254.892329
1614647254.905689
1614647254.912345
1614647254.922323
1614647254.935734
1614647254.942373
1614647254.952367
1614647254.965665
1614647254.972323
1614647254.982320
1614647254.995691
1614647255.002321
1614647255.012340
1614647255.025710
1614647255.032353
1614647255.042330
1614647255.055655
1614647255.062322
1614647255.072321
1614647255.085656
1614647255.092321
1614647255.102323
1614647255.115656
1614647255.122366
1614647255.132329
1614647255.145659
1614647255.152325
1614647255.162322
1614647255.175654
1614647255.182323
1614647255.192353
1614647255.205693
1614647255.212376
1614647255.222337
1614647255.235696
1614647255.242345
1614647255.252321
1614647255.265653
1614647255.278992
1614647255.282342
1614647255.295682
1614647255.302321
1614647255.312324
1614647255.325662
1614647255.332359
1614647255.342357
1614647255.355656
1614647255.362341
1614647255.372376
1614647255.385686
1614647255.392321
1614647255.402364
1614647255.415660
1614647255.422328
1614647255.432429
1614647255.445713
1614647255.452373
1614647255.462374
1614647255.475661
1614647255.482324
1614647255.492331
1614647255.505654
1614647255.512335
1614647255.522342
1614647255.535696
1614647255.542328
1614647255.552341
1614647255.565654
1614647255.572321
1614647255.582320
1614647255.595689
1614647255.602353
1614647255.612324
1614647255.625697
1614647255.632325
1614647255.642352
1614647255.655672
1614647255.668985
1614647255.672319
1614647255.685653
1614647255.692327
1614647255.702321
1614647255.715680
1614647255.722355
1614647255.732382
1614647255.745725
1614647255.752351
1614647255.762337
1614647255.775706
1614647255.782322
1614647255.792355
1614647255.805688
1614647255.812373
1614647255.822323
1614647255.835667
1614647255.842332
1614647255.852360
1614647255.865685
1614647255.872349
1614647255.882353
1614647255.895654
1614647255.902373
1614647255.912354
1614647255.925698
1614647255.932330
1614647255.942359
1614647255.955657
1614647255.962329
1614647255.972355
1614647255.985687
1614647255.992365
1614647256.002369
1614647256.015654
1614647256.022376
1614647256.032392
1614647256.045695
1614647256.059038
1614647256.062366
1614647256.075653
1614647256.082322
1614647256.092364
1614647256.105654
1614647256.112334
1614647256.122357
1614647256.135670
1614647256.142335
1614647256.152358
1614647256.165658
1614647256.172374
1614647256.182323
1614647256.195686
1614647256.202361
1614647256.212373
1614647256.225768
1614647256.232401
1614647256.242362
1614647256.255684
1614647256.262320
1614647256.272359
1614647256.285657
1614647256.292334
1614647256.302322
1614647256.315694
1614647256.322322
1614647256.332394
1614647256.345660
1614647256.352372
1614647256.362354
1614647256.375656
1614647256.382350
1614647256.392358
1614647256.405654
1614647256.412373
1614647256.422359
1614647256.435699
1614647256.442352
1614647256.458986
1614647256.465683
1614647256.472336
1614647256.482319
1614647256.495687
1614647256.502357
1614647256.512378
1614647256.525792
1614647256.532324
1614647256.542325
1614647256.555685
1614647256.562321
1614647256.572321
1614647256.585653
1614647256.592334
1614647256.602338
1614647256.615654
1614647256.622360
1614647256.632362
1614647256.645677
1614647256.652361
1614647256.662323
1614647256.675692
1614647256.682369
1614647256.692356
1614647256.705667
1614647256.712344
1614647256.722323
1614647256.735666
1614647256.742324
1614647256.752357
1614647256.765654
1614647256.772320
1614647256.782319
1614647256.795652
1614647256.802360
1614647256.812357
1614647256.825767
1614647256.832378
1614647256.848990
1614647256.855653
1614647256.862319
1614647256.872318
1614647256.885653
1614647256.892318
1614647256.902350
1614647256.915656
1614647256.922323
1614647256.932358
1614647256.945711
1614647256.952365
1614647256.962367
1614647256.975679
1614647256.982324
1614647256.992357
1614647257.005654
1614647257.012352
1614647257.022375
1614647257.035666
1614647257.042338
1614647257.052321
1614647257.065656
1614647257.072320
1614647257.082321
1614647257.095654
1614647257.102321
1614647257.112322
1614647257.125717
1614647257.132324
1614647257.142339
1614647257.155681
1614647257.162352
1614647257.172325
1614647257.185654
1614647257.192319
1614647257.202321
1614647257.215685
1614647257.222353
1614647257.239085
1614647257.245654
1614647257.252320
1614647257.262321
1614647257.275652
1614647257.282319
1614647257.292318
1614647257.305664
1614647257.312353
1614647257.322321
1614647257.335691
1614647257.342323
1614647257.352322
1614647257.365653
1614647257.372353
1614647257.382321
1614647257.395684
1614647257.402319
1614647257.412361
1614647257.425769
1614647257.432364
1614647257.442350
1614647257.455656
1614647257.462323
1614647257.472320
1614647257.485677
1614647257.492324
1614647257.502351
1614647257.515686
1614647257.522348
1614647257.532329
1614647257.545684
1614647257.552323
1614647257.562320
1614647257.575692
1614647257.582321
1614647257.592348
1614647257.605688
1614647257.612353
1614647257.622352
1614647257.642324
1614647257.649026
1614647257.652356
1614647257.665654
1614647257.672323
1614647257.682334
1614647257.695719
1614647257.702335
1614647257.712354
1614647257.725674
1614647257.732328
1614647257.742324
1614647257.755657
1614647257.762336
1614647257.772320
1614647257.785652
1614647257.792343
1614647257.802319
1614647257.815697
1614647257.822354
1614647257.832362
1614647257.845706
1614647257.852361
1614647257.862333
1614647257.875693
1614647257.882323
1614647257.892324
1614647257.905654
1614647257.912354
1614647257.922347
1614647257.935666
1614647257.942324
1614647257.952351
1614647257.965655
1614647257.972354
1614647257.982354
1614647257.995655
1614647258.002355
1614647258.012321
1614647258.032320
1614647258.039026
1614647258.042322
1614647258.055693
1614647258.062352
1614647258.072353
1614647258.085701
1614647258.092357
1614647258.102355
1614647258.115656
1614647258.122321
1614647258.132323
1614647258.145662
1614647258.152325
1614647258.162330
1614647258.175678
1614647258.182354
1614647258.192352
1614647258.205655
1614647258.212357
1614647258.222361
1614647258.235694
1614647258.242356
1614647258.252321
1614647258.265653
1614647258.272325
1614647258.282320
1614647258.295654
1614647258.302319
1614647258.312380
1614647258.325716
1614647258.332323
1614647258.342357
1614647258.355657
1614647258.362319
1614647258.372336
1614647258.385691
1614647258.392339
1614647258.402354
1614647258.415655
1614647258.429081
1614647258.432364
1614647258.445657
1614647258.452344
1614647258.462352
1614647258.475686
1614647258.482356
1614647258.492322
1614647258.505655
1614647258.512353
1614647258.522321
1614647258.535670
1614647258.542323
1614647258.552357
1614647258.565654
1614647258.572354
1614647258.582352
1614647258.595675
1614647258.602318
1614647258.612321
1614647258.625741
1614647258.632344
1614647258.642323
1614647258.655655
1614647258.662319
1614647258.672364
1614647258.685691
1614647258.692353
1614647258.702356
1614647258.715658
1614647258.722355
1614647258.732327
1614647258.745658
1614647258.752324
1614647258.762349
1614647258.775687
1614647258.782364
1614647258.792370
1614647258.805696
1614647258.819017
1614647258.822359
1614647258.835696
1614647258.842322
1614647258.852319
1614647258.865708
1614647258.872320
1614647258.882318
1614647258.895654
1614647258.902321
1614647258.912359
1614647258.925688
1614647258.932329
1614647258.942348
1614647258.955677
1614647258.962352
1614647258.972330
1614647258.985652
1614647258.992319
1614647259.002324
1614647259.015686
1614647259.022361
1614647259.032324
1614647259.045655
1614647259.052321
1614647259.062320
1614647259.075654
1614647259.082332
1614647259.092319
1614647259.105686
1614647259.112323
1614647259.122377
1614647259.135669
1614647259.142325
1614647259.152350
1614647259.165685
1614647259.172319
1614647259.182322
1614647259.195702
1614647259.208987
1614647259.212305
1614647259.225770
1614647259.232321
1614647259.242359
1614647259.255654
1614647259.262357
1614647259.272369
1614647259.285652
1614647259.292360
1614647259.302350
1614647259.315656
1614647259.322374
1614647259.332382
1614647259.345664
1614647259.352325
1614647259.362321
1614647259.375654
1614647259.382319
1614647259.392321
1614647259.405652
1614647259.412352
1614647259.422353
1614647259.435698
1614647259.442362
1614647259.452320
1614647259.465692
1614647259.472353
1614647259.482322
1614647259.495701
1614647259.502384
1614647259.512360
1614647259.525707
1614647259.532370
1614647259.542393
1614647259.555680
1614647259.562336
1614647259.572358
1614647259.585655
1614647259.592355
1614647259.609023
1614647259.615656
1614647259.622375
1614647259.632354
1614647259.645686
1614647259.652322
1614647259.662353
1614647259.675653
1614647259.682357
1614647259.692357
1614647259.705687
1614647259.712358
1614647259.722322
1614647259.735668
1614647259.742322
1614647259.752350
1614647259.765677
1614647259.772323
1614647259.782319
1614647259.795646
1614647259.802353
1614647259.812360
1614647259.825686
1614647259.832376
1614647259.842325
1614647259.855656
1614647259.862321
1614647259.872321
1614647259.885664
1614647259.892323
1614647259.902321
1614647259.915686
1614647259.922323
1614647259.932354
1614647259.945665
1614647259.952323
1614647259.962321
1614647259.975654
1614647259.982320
1614647259.999007
1614647260.005654
1614647260.012320
1614647260.022321
1614647260.035710
1614647260.042323
1614647260.052321
1614647260.065689
1614647260.072348
1614647260.082324
1614647260.095686
1614647260.102322
1614647260.112322
1614647260.125684
1614647260.132334
1614647260.142325
1614647260.155675
1614647260.162322
1614647260.172367
1614647260.185678
1614647260.192321
1614647260.202322
1614647260.215695
1614647260.222331
1614647260.232330
1614647260.245656
1614647260.252320
1614647260.262358
1614647260.275695
1614647260.282321
1614647260.292360
1614647260.305664
1614647260.312320
1614647260.322321
1614647260.335735
1614647260.342350
1614647260.352337
1614647260.365654
1614647260.372320
1614647260.382353
1614647260.395698
1614647260.402362
1614647260.412320
1614647260.425693
1614647260.432326
1614647260.442374
1614647260.455686
1614647260.462322
1614647260.472320
1614647260.485656
1614647260.492321
1614647260.502320
1614647260.515678
1614647260.522321
1614647260.532334
1614647260.545704
1614647260.552310
1614647260.562321
1614647260.575653
1614647260.582328
1614647260.592363
1614647260.605654
1614647260.612358
1614647260.622360
1614647260.635695
1614647260.642350
1614647260.652323
1614647260.665653
1614647260.672322
1614647260.682317
1614647260.695669
1614647260.702369
1614647260.712320
1614647260.725696
1614647260.732364
1614647260.742356
1614647260.755718
1614647260.762377
1614647260.772358
1614647260.799022
1614647260.802359
1614647260.805696
1614647260.815654
1614647260.822324
1614647260.832364
1614647260.845659
1614647260.852321
1614647260.862334
1614647260.875664
1614647260.882321
1614647260.892318
1614647260.905653
1614647260.912322
1614647260.922323
1614647260.935670
1614647260.942322
1614647260.952324
1614647260.965655
1614647260.972320
1614647260.982318
1614647260.995654
1614647261.002352
1614647261.012358
1614647261.025658
1614647261.032361
1614647261.042323
1614647261.055666
1614647261.062321
1614647261.072333
1614647261.085653
1614647261.092352
1614647261.102325
1614647261.115654
1614647261.122322
1614647261.132329
1614647261.145679
1614647261.152323
1614647261.162364
1614647261.182321
1614647261.188986
1614647261.192318
1614647261.205697
1614647261.212353
1614647261.222360
1614647261.235710
1614647261.242348
1614647261.252320
1614647261.265685
1614647261.272322
1614647261.282329
1614647261.295692
1614647261.302365
1614647261.312321
1614647261.325752
1614647261.332322
1614647261.342350
1614647261.355688
1614647261.362319
1614647261.372361
1614647261.385688
1614647261.392357
1614647261.402352
1614647261.415656
1614647261.422458
1614647261.432446
1614647261.445681
1614647261.452321
1614647261.462344
1614647261.475653
1614647261.482327
1614647261.492348
1614647261.505703
1614647261.512322
1614647261.522358
1614647261.535665
1614647261.542322
1614647261.552325
1614647261.565653
1614647261.579021
1614647261.582320
1614647261.595683
1614647261.602319
1614647261.612359
1614647261.625769
1614647261.632386
1614647261.642324
1614647261.655698
1614647261.662351
1614647261.672352
1614647261.685704
1614647261.692360
1614647261.702358
1614647261.715660
1614647261.722321
1614647261.732327
1614647261.745643
1614647261.752323
1614647261.762372
1614647261.775685
1614647261.782352
1614647261.792379
1614647261.805684
1614647261.812348
1614647261.822321
1614647261.835703
1614647261.842355
1614647261.852323
1614647261.865655
1614647261.872323
1614647261.882384
1614647261.895689
1614647261.902356
1614647261.912414
1614647261.925783
1614647261.932325
1614647261.942322
1614647261.955657
1614647261.968985
1614647261.972321
1614647261.985654
1614647261.992318
1614647262.002356
1614647262.015699
1614647262.022346
1614647262.032329
1614647262.045658
1614647262.052371
1614647262.062357
1614647262.075654
1614647262.082319
1614647262.092342
1614647262.105686
1614647262.112353
1614647262.122321
1614647262.135671
1614647262.142321
1614647262.152324
1614647262.165692
1614647262.172359
1614647262.182321
1614647262.195667
1614647262.202357
1614647262.212358
1614647262.225751
1614647262.232362
1614647262.242325
1614647262.255662
1614647262.262319
1614647262.272326
1614647262.285665
1614647262.292320
1614647262.302320
1614647262.315688
1614647262.322346
1614647262.332442
1614647262.345672
1614647262.358992
1614647262.362324
1614647262.375653
1614647262.382318
1614647262.392342
1614647262.405653
1614647262.412351
1614647262.422319
1614647262.435684
1614647262.442349
1614647262.452319
1614647262.465664
1614647262.472319
1614647262.482352
1614647262.495692
1614647262.502359
1614647262.512320
1614647262.525767
1614647262.532321
1614647262.542329
1614647262.555655
1614647262.562322
1614647262.572319
1614647262.585670
1614647262.592346
1614647262.602356
1614647262.615655
1614647262.622320
1614647262.632436
1614647262.645713
1614647262.652384
1614647262.662352
1614647262.675686
1614647262.682345
1614647262.692343
1614647262.705665
1614647262.712340
1614647262.722353
1614647262.735702
1614647262.742335
1614647262.759012
1614647262.765679
1614647262.772321
1614647262.782352
1614647262.795678
1614647262.802335
1614647262.812357
1614647262.825657
1614647262.832359
1614647262.842323
1614647262.855652
1614647262.862345
1614647262.872320
1614647262.885653
1614647262.892320
1614647262.902355
1614647262.915682
1614647262.922320
1614647262.932327
1614647262.945662
1614647262.952348
1614647262.962349
1614647262.975654
1614647262.982321
1614647262.992375
1614647263.005692
1614647263.012372
1614647263.022322
1614647263.035690
1614647263.042347
1614647263.052352
1614647263.065654
1614647263.072320
1614647263.082317
1614647263.095694
1614647263.102319
1614647263.112321
1614647263.125662
1614647263.132330
1614647263.149019
1614647263.155654
1614647263.162377
1614647263.172320
1614647263.185680
1614647263.192320
1614647263.202359
1614647263.215698
1614647263.222334
1614647263.232333
1614647263.245656
1614647263.252319
1614647263.262333
1614647263.275654
1614647263.282318
1614647263.292320
1614647263.305686
1614647263.312353
1614647263.322322
1614647263.335666
1614647263.342322
1614647263.352350
1614647263.365654
1614647263.372344
1614647263.382345
1614647263.395655
1614647263.402367
1614647263.412350
1614647263.425729
1614647263.432378
1614647263.442383
1614647263.455702
1614647263.462359
1614647263.472337
1614647263.485653
1614647263.492408
1614647263.502436
1614647263.515653
1614647263.522321
1614647263.532324
1614647263.552329
1614647263.555657
1614647263.562352
1614647263.575655
1614647263.582318
1614647263.592354
1614647263.605686
1614647263.612357
1614647263.622321
1614647263.635690
1614647263.642348
1614647263.652321
1614647263.665684
1614647263.672358
1614647263.682319
1614647263.695698
1614647263.702350
1614647263.712334
1614647263.725697
1614647263.732322
1614647263.742326
1614647263.755654
1614647263.762319
1614647263.772319
1614647263.785652
1614647263.792357
1614647263.802359
1614647263.815691
1614647263.822360
1614647263.832417
1614647263.845682
1614647263.852350
1614647263.862319
1614647263.875706
1614647263.882365
1614647263.892379
1614647263.905686
1614647263.912321
1614647263.922321
1614647263.942323
1614647263.945652
1614647263.952326
1614647263.965652
1614647263.972318
1614647263.982339
1614647263.995655
1614647264.002357
1614647264.012374
1614647264.025774
1614647264.032442
1614647264.042324
1614647264.055652
1614647264.062319
1614647264.072364
1614647264.085653
1614647264.092319
1614647264.102353
1614647264.115691
1614647264.122322
1614647264.132325
1614647264.145658
1614647264.152325
1614647264.162319
1614647264.175655
1614647264.182320
1614647264.192319
1614647264.205654
1614647264.212353
1614647264.222321
1614647264.235667
1614647264.242347
1614647264.252322
1614647264.265654
1614647264.272347
1614647264.282356
1614647264.295681
1614647264.302319
1614647264.312320
1614647264.332343
1614647264.335662
1614647264.342321
1614647264.355677
1614647264.362323
1614647264.372320
1614647264.385690
1614647264.392320
1614647264.402319
1614647264.415685
1614647264.422320
1614647264.432334
1614647264.445688
1614647264.452320
1614647264.462322
1614647264.475663
1614647264.482319
1614647264.492357
1614647264.505685
1614647264.512356
1614647264.522320
1614647264.535665
1614647264.542321
1614647264.552325
1614647264.565703
1614647264.572330
1614647264.582354
1614647264.595683
1614647264.602348
1614647264.612357
1614647264.625656
1614647264.632324
1614647264.642350
1614647264.655687
1614647264.662320
1614647264.672321
1614647264.685686
1614647264.692369
1614647264.702370
1614647264.715698
1614647264.729019
1614647264.732345
1614647264.745658
1614647264.752327
1614647264.762321
1614647264.775655
1614647264.782320
1614647264.792320
1614647264.805653
1614647264.812320
1614647264.822324
1614647264.835679
1614647264.842323
1614647264.852321
1614647264.865701
1614647264.872319
1614647264.882357
1614647264.895676
1614647264.902342
1614647264.912322
1614647264.925694
1614647264.932368
1614647264.942325
1614647264.955689
1614647264.962386
1614647264.972320
1614647264.985686
1614647264.992352
1614647265.002357
1614647265.015698
1614647265.022325
1614647265.032372
1614647265.045657
1614647265.052320
1614647265.062320
1614647265.075653
1614647265.082318
1614647265.092318
1614647265.105686
1614647265.118987
1614647265.122319
1614647265.135705
1614647265.142322
1614647265.152371
1614647265.165652
1614647265.172318
1614647265.182319
1614647265.195698
1614647265.202353
1614647265.212320
1614647265.225657
1614647265.232326
1614647265.242325
1614647265.255687
1614647265.262351
1614647265.272319
1614647265.285652
1614647265.292378
1614647265.302356
1614647265.315682
1614647265.322323
1614647265.332342
1614647265.345674
1614647265.352356
1614647265.362349
1614647265.375675
1614647265.382353
1614647265.392360
1614647265.405690
1614647265.412351
1614647265.422353
1614647265.435758
1614647265.442357
1614647265.452319
1614647265.465677
1614647265.472333
1614647265.482365
1614647265.495692
1614647265.502358
1614647265.512322
1614647265.525661
1614647265.532328
1614647265.542341
1614647265.555682
1614647265.562351
1614647265.572363
1614647265.585702
1614647265.592349
1614647265.602320
1614647265.615700
1614647265.622319
1614647265.632362
1614647265.645664
1614647265.652319
1614647265.662319
1614647265.675652
1614647265.682325
1614647265.692341
1614647265.705665
1614647265.712324
1614647265.722345
1614647265.735688
1614647265.742372
1614647265.752400
1614647265.765653
1614647265.772319
1614647265.782320
1614647265.795684
1614647265.802348
1614647265.812319
1614647265.825693
1614647265.832373
1614647265.842376
1614647265.855688
1614647265.862363
1614647265.872360
1614647265.885654
1614647265.892353
1614647265.908989
1614647265.915690
1614647265.922320
1614647265.932323
1614647265.945693
1614647265.952322
1614647265.962319
1614647265.975652
1614647265.982367
1614647265.992350
1614647266.005684
1614647266.012320
1614647266.022321
1614647266.035703
1614647266.042324
1614647266.052321
1614647266.065652
1614647266.072317
1614647266.082320
1614647266.095681
1614647266.102357
1614647266.112351
1614647266.125655
1614647266.132361
1614647266.142325
1614647266.155655
1614647266.162320
1614647266.172344
1614647266.185673
1614647266.192343
1614647266.202371
1614647266.215709
1614647266.222351
1614647266.232424
1614647266.245749
1614647266.252367
1614647266.262370
1614647266.275679
1614647266.282332
1614647266.299019
1614647266.305654
1614647266.312349
1614647266.322319
1614647266.335681
1614647266.342321
1614647266.352339
1614647266.365659
1614647266.372322
1614647266.382320
1614647266.395684
1614647266.402320
1614647266.412320
1614647266.425653
1614647266.432356
1614647266.442326
1614647266.455693
1614647266.462329
1614647266.472334
1614647266.485654
1614647266.492349
1614647266.502355
1614647266.515656
1614647266.522354
1614647266.532331
1614647266.545662
1614647266.552349
1614647266.562320
1614647266.575684
1614647266.582352
1614647266.592319
1614647266.605656
1614647266.612322
1614647266.622357
1614647266.635752
1614647266.642353
1614647266.652361
1614647266.665682
1614647266.672321
1614647266.682318
1614647266.702351
1614647266.705652
1614647266.712349
1614647266.725733
1614647266.732441
1614647266.742391
1614647266.755681
1614647266.762372
1614647266.772327
1614647266.785654
1614647266.792350
1614647266.802320
1614647266.815685
1614647266.822345
1614647266.832326
1614647266.845657
1614647266.852350
1614647266.862319
1614647266.875685
1614647266.882319
1614647266.892343
1614647266.905676
1614647266.912319
1614647266.922320
1614647266.935682
1614647266.942322
1614647266.952322
1614647266.965653
1614647266.972318
1614647266.982318
1614647266.995682
1614647267.002365
1614647267.012330
1614647267.025696
1614647267.032327
1614647267.042363
1614647267.055654
1614647267.062331
1614647267.072321
1614647267.092342
1614647267.095689
1614647267.102321
1614647267.115655
1614647267.122322
1614647267.132324
1614647267.145657
1614647267.152308
1614647267.162362
1614647267.175694
1614647267.182321
1614647267.192320
1614647267.205654
1614647267.212319
1614647267.222319
1614647267.235670
1614647267.242380
1614647267.252320
1614647267.265653
1614647267.272321
1614647267.282352
1614647267.295684
1614647267.302348
1614647267.312322
1614647267.325663
1614647267.332319
1614647267.342324
1614647267.355695
1614647267.362340
1614647267.372318
1614647267.385667
1614647267.392346
1614647267.402361
1614647267.415652
1614647267.422359
1614647267.432425
1614647267.445721
1614647267.452408
1614647267.462341
1614647267.482325
1614647267.485682
1614647267.492345
1614647267.505653
1614647267.512321
1614647267.522320
1614647267.535683
1614647267.542322
1614647267.552331
1614647267.565653
1614647267.572349
1614647267.582350
1614647267.595692
1614647267.602320
1614647267.612319
1614647267.625741
1614647267.632396
1614647267.642337
1614647267.655653
1614647267.662320
1614647267.672321
1614647267.685653
1614647267.692343
1614647267.702358
1614647267.715654
1614647267.722320
1614647267.732326
1614647267.745661
1614647267.752361
1614647267.762347
1614647267.775685
1614647267.782352
1614647267.792320
1614647267.805692
1614647267.812381
1614647267.822320
1614647267.835696
1614647267.842320
1614647267.852319
1614647267.865652
1614647267.878984
1614647267.882318
1614647267.895652
1614647267.902348
1614647267.912321
1614647267.925770
1614647267.932324
1614647267.942322
1614647267.955694
1614647267.962327
1614647267.972383
1614647267.985654
1614647267.992320
1614647268.002359
1614647268.015685
1614647268.022357
1614647268.032359
1614647268.045749
1614647268.052387
1614647268.062373
1614647268.075668
1614647268.082352
1614647268.092350
1614647268.105651
1614647268.112319
1614647268.122319
1614647268.135664
1614647268.142323
1614647268.152323
1614647268.165656
1614647268.172320
1614647268.182374
1614647268.195694
1614647268.202320
1614647268.212320
1614647268.225688
1614647268.232323
1614647268.242327
1614647268.255683
1614647268.269019
1614647268.272352
1614647268.285652
1614647268.292343
1614647268.302319
1614647268.315692
1614647268.322323
1614647268.332381
1614647268.345745
1614647268.352376
1614647268.362342
1614647268.375664
1614647268.382321
1614647268.392319
1614647268.405678
1614647268.412335
1614647268.422333
1614647268.435681
1614647268.442350
1614647268.452319
1614647268.465657
1614647268.472321
1614647268.482356
1614647268.495669
1614647268.502321
1614647268.512321
1614647268.525655
1614647268.532324
1614647268.542325
1614647268.555655
1614647268.562318
1614647268.572318
1614647268.585655
1614647268.592345
1614647268.602319
1614647268.615653
1614647268.622330
1614647268.632331
1614647268.645656
1614647268.652344
1614647268.668985
1614647268.675687
1614647268.682365
1614647268.692352
1614647268.705656
1614647268.712333
1614647268.722321
1614647268.735666
1614647268.742335
1614647268.752322
1614647268.765654
1614647268.772320
1614647268.782318
1614647268.795652
1614647268.802318
1614647268.812320
1614647268.825775
1614647268.832325
1614647268.842324
1614647268.855652
1614647268.862322
1614647268.872349
1614647268.885675
1614647268.892349
1614647268.902351
1614647268.915657
1614647268.922365
1614647268.932339
1614647268.945657
1614647268.952345
1614647268.962319
1614647268.975652
1614647268.982318
1614647268.992352
1614647269.005692
1614647269.012320
1614647269.022324
1614647269.035688
1614647269.042323
1614647269.058999
1614647269.065653
1614647269.072320
1614647269.082319
1614647269.095653
1614647269.102319
1614647269.112321
1614647269.125775
1614647269.132324
1614647269.142323
1614647269.155690
1614647269.162339
1614647269.172345
1614647269.185655
1614647269.192334
1614647269.202356
1614647269.215652
1614647269.222320
1614647269.232330
1614647269.245655
1614647269.252318
1614647269.262332
1614647269.275653
1614647269.282326
1614647269.292320
1614647269.305654
1614647269.312356
1614647269.322320
1614647269.335695
1614647269.342349
1614647269.352352
1614647269.365661
1614647269.372319
1614647269.382318
1614647269.395679
1614647269.402319
1614647269.412336
1614647269.425734
1614647269.432370
1614647269.448987
1614647269.455652
1614647269.462320
1614647269.472318
1614647269.485651
1614647269.492318
1614647269.502320
1614647269.515656
1614647269.522335
1614647269.532348
1614647269.545675
1614647269.552335
1614647269.562320
1614647269.575651
1614647269.582318
1614647269.592317
1614647269.605707
1614647269.612337
1614647269.622320
1614647269.635712
1614647269.642344
1614647269.652321
1614647269.665651
1614647269.672318
1614647269.682319
1614647269.695654
1614647269.702353
1614647269.712322
1614647269.725772
1614647269.732378
1614647269.742325
1614647269.755656
1614647269.762335
1614647269.772318
1614647269.785652
1614647269.792317
1614647269.802319
1614647269.815690
1614647269.822360
1614647269.832372
1614647269.852368
1614647269.855683
1614647269.862377
1614647269.875695
1614647269.882324
1614647269.892359
1614647269.905668
1614647269.912337
1614647269.922319
1614647269.935666
1614647269.942322
1614647269.952323
1614647269.965684
1614647269.972369
1614647269.982321
1614647269.995705
1614647270.002346
1614647270.012360
1614647270.025687
1614647270.032326
1614647270.042367
1614647270.055659
1614647270.062318
1614647270.072318
1614647270.085653
1614647270.092320
1614647270.102318
1614647270.115654
1614647270.122352
1614647270.132358
1614647270.145660
1614647270.152322
1614647270.162320
1614647270.175684
1614647270.182352
1614647270.192344
1614647270.205689
1614647270.212351
1614647270.222325
1614647270.242321
1614647270.245678
1614647270.252321
1614647270.265653
1614647270.272320
1614647270.282318
1614647270.295687
1614647270.302319
1614647270.312320
1614647270.325764
1614647270.332323
1614647270.342323
1614647270.355693
1614647270.362324
1614647270.372351
1614647270.385654
1614647270.392351
1614647270.402359
1614647270.415678
1614647270.422350
1614647270.432411
1614647270.445747
1614647270.452366
1614647270.462340
1614647270.475660
1614647270.482349
1614647270.492318
1614647270.505651
1614647270.512337
1614647270.522320
1614647270.535665
1614647270.542320
1614647270.552341
1614647270.565655
1614647270.572320
1614647270.582332
1614647270.595666
1614647270.602327
1614647270.612358
1614647270.625690
1614647270.639064
1614647270.642353
1614647270.655682
1614647270.662318
1614647270.672321
1614647270.685652
1614647270.692366
1614647270.702321
1614647270.715689
1614647270.722322
1614647270.732329
1614647270.745659
1614647270.752325
1614647270.762318
1614647270.775697
1614647270.782358
1614647270.792320
1614647270.805655
1614647270.812352
1614647270.822336
1614647270.835704
1614647270.842323
1614647270.852319
1614647270.865665
1614647270.872319
1614647270.882318
1614647270.895675
1614647270.902319
1614647270.912320
1614647270.925662
1614647270.932322
1614647270.942323
1614647270.955683
1614647270.962327
1614647270.972349
1614647270.985654
1614647270.992342
1614647271.002318
1614647271.015691
1614647271.029065
1614647271.032321
1614647271.045695
1614647271.052366
1614647271.062319
1614647271.075665
1614647271.082317
1614647271.092317
1614647271.105653
1614647271.112320
1614647271.122320
1614647271.135667
1614647271.142326
1614647271.152326
1614647271.165652
1614647271.172318
1614647271.182317
1614647271.195689
1614647271.202348
1614647271.212321
1614647271.225763
1614647271.232341
1614647271.242325
1614647271.255685
1614647271.262351
1614647271.272351
1614647271.285677
1614647271.292354
1614647271.302356
1614647271.315687
1614647271.322320
1614647271.332331
1614647271.345662
1614647271.352325
1614647271.362321
1614647271.375652
1614647271.382318
1614647271.392356
1614647271.405666
1614647271.419017
1614647271.422376
1614647271.435711
1614647271.442322
1614647271.452320
1614647271.465654
1614647271.472321
1614647271.482320
1614647271.495652
1614647271.502320
1614647271.512321
1614647271.525775
1614647271.532364
1614647271.542337
1614647271.555656
1614647271.562321
1614647271.572331
1614647271.585654
1614647271.592320
1614647271.602319
1614647271.615691
1614647271.622333
1614647271.632324
1614647271.645655
1614647271.652318
1614647271.662318
1614647271.675652
1614647271.682318
1614647271.692317
1614647271.705656
1614647271.712322
1614647271.722322
1614647271.735665
1614647271.742322
1614647271.752325
1614647271.765652
1614647271.772318
1614647271.782331
1614647271.795701
1614647271.802363
1614647271.818985
1614647271.825659
1614647271.832326
1614647271.842324
1614647271.855693
1614647271.862320
1614647271.872357
1614647271.885679
1614647271.892353
1614647271.902319
1614647271.915656
1614647271.922321
1614647271.932323
1614647271.945660
1614647271.952322
1614647271.962319
1614647271.975655
1614647271.982319
1614647271.992318
1614647272.005692
1614647272.012320
1614647272.022324
1614647272.035706
1614647272.042323
1614647272.052325
1614647272.065651
1614647272.072319
1614647272.082319
1614647272.095653
1614647272.102319
1614647272.112321
1614647272.125692
1614647272.132324
1614647272.142323
1614647272.155683
1614647272.162352
1614647272.172319
1614647272.185653
1614647272.192318
1614647272.209020
1614647272.215690
1614647272.222330
1614647272.232360
1614647272.245692
1614647272.252344
1614647272.262319
1614647272.275653
1614647272.282319
1614647272.292326
1614647272.305654
1614647272.312320
1614647272.322367
1614647272.335697
1614647272.342322
1614647272.352343
1614647272.365653
1614647272.372355
1614647272.382334
1614647272.395692
1614647272.402358
1614647272.412320
1614647272.425748
1614647272.432380
1614647272.442384
1614647272.455740
1614647272.462410
1614647272.472337
1614647272.485685
1614647272.492357
1614647272.502319
1614647272.515654
1614647272.522322
1614647272.532326
1614647272.545659
1614647272.552340
1614647272.562322
1614647272.575653
1614647272.582355
1614647272.599022
1614647272.605686
1614647272.612320
1614647272.622320
1614647272.635711
1614647272.642337
1614647272.652320
1614647272.665651
1614647272.672318
1614647272.682320
1614647272.695652
1614647272.702318
1614647272.712359
1614647272.725664
1614647272.732352
1614647272.742322
1614647272.755657
1614647272.762321
1614647272.772320
1614647272.785654
1614647272.792319
1614647272.802320
1614647272.815691
1614647272.822370
1614647272.832331
1614647272.845657
1614647272.852319
1614647272.862319
1614647272.875662
1614647272.882322
1614647272.892348
1614647272.905684
1614647272.912319
1614647272.922321
1614647272.935663
1614647272.942319
1614647272.952322
1614647272.965654
1614647272.972318
1614647272.982356
1614647273.002319
1614647273.009017
1614647273.012320
1614647273.025772
1614647273.032371
1614647273.042329
1614647273.055653
1614647273.062319
1614647273.072322
1614647273.085653
1614647273.092350
1614647273.102318
1614647273.115655
1614647273.122351
1614647273.132327
1614647273.145658
1614647273.152324
1614647273.162319
1614647273.175653
1614647273.182332
1614647273.192320
1614647273.205691
1614647273.212320
1614647273.222324
1614647273.235711
1614647273.242321
1614647273.252318
1614647273.265651
1614647273.272320
1614647273.282356
1614647273.295690
1614647273.302318
1614647273.312338
1614647273.325788
1614647273.332369
1614647273.342388
1614647273.355719
1614647273.362367
1614647273.372323
1614647273.392350
1614647273.395676
1614647273.402355
1614647273.415689
1614647273.422320
1614647273.432319
1614647273.445656
1614647273.452322
1614647273.462318
1614647273.475652
1614647273.482318
1614647273.492318
1614647273.505687
1614647273.512370
1614647273.522344
1614647273.535691
1614647273.542346
1614647273.552332
1614647273.565652
1614647273.572318
1614647273.582319
1614647273.595681
1614647273.602334
1614647273.612351
1614647273.625743
1614647273.632357
1614647273.642329
1614647273.655653
1614647273.662358
1614647273.672320
1614647273.685692
1614647273.692351
1614647273.702319
1614647273.715656
1614647273.722319
1614647273.732381
1614647273.746635
1614647273.752346
1614647273.762325
1614647273.775653
1614647273.788985
1614647273.792317
1614647273.805685
1614647273.812322
1614647273.822371
1614647273.835688
1614647273.842346
1614647273.852342
1614647273.865651
1614647273.872317
1614647273.882320
1614647273.895652
1614647273.902352
1614647273.912356
1614647273.925655
1614647273.932328
1614647273.942324
1614647273.955654
1614647273.962318
1614647273.972343
1614647273.985651
1614647273.992350
1614647274.002318
1614647274.015672
1614647274.022362
1614647274.032343
1614647274.045656
1614647274.052320
1614647274.062319
1614647274.075653
1614647274.082318
1614647274.092346
1614647274.105654
1614647274.112380
1614647274.122322
1614647274.135683
1614647274.142326
1614647274.152322
1614647274.165652
1614647274.178988
1614647274.182317
1614647274.195695
1614647274.202318
1614647274.212349
1614647274.225769
1614647274.232373
1614647274.242325
1614647274.255654
1614647274.262321
1614647274.272320
1614647274.285653
1614647274.292320
1614647274.302334
1614647274.315656
1614647274.322327
1614647274.332358
1614647274.345682
1614647274.352322
1614647274.362318
1614647274.375650
1614647274.382320
1614647274.392317
1614647274.405685
1614647274.412319
1614647274.422324
1614647274.435695
1614647274.442352
1614647274.452319
1614647274.465652
1614647274.472349
1614647274.482334
1614647274.495690
1614647274.502336
1614647274.512320
1614647274.525728
1614647274.532318
1614647274.542324
1614647274.555662
1614647274.568983
1614647274.572318
1614647274.585653
1614647274.592346
1614647274.602350
1614647274.615692
1614647274.622370
1614647274.632323
1614647274.645657
1614647274.652350
1614647274.662319
1614647274.675665
1614647274.682319
1614647274.692317
1614647274.705655
1614647274.712319
1614647274.722322
1614647274.735687
1614647274.742321
1614647274.752324
1614647274.765685
1614647274.772318
1614647274.782318
1614647274.795682
1614647274.802342
1614647274.812320
1614647274.825685
1614647274.832324
1614647274.842324
1614647274.855700
1614647274.862319
1614647274.872331
1614647274.885653
1614647274.892317
1614647274.902321
1614647274.915664
1614647274.922321
1614647274.932325
1614647274.945657
1614647274.952322
1614647274.968985
1614647274.975653
1614647274.982318
1614647274.992317
1614647275.005679
1614647275.012374
1614647275.022356
1614647275.035677
1614647275.042328
1614647275.052319
1614647275.065651
1614647275.072318
1614647275.082317
1614647275.095691
1614647275.102330
1614647275.112343
1614647275.125756
1614647275.132384
1614647275.142377
1614647275.155689
1614647275.162332
1614647275.172326
1614647275.185698
1614647275.192341
1614647275.202331
1614647275.215690
1614647275.222358
1614647275.232365
1614647275.245655
1614647275.252320
1614647275.262320
1614647275.275654
1614647275.282352
1614647275.292318
1614647275.305652
1614647275.312319
1614647275.322320
1614647275.335663
1614647275.342320
1614647275.359017
1614647275.365653
1614647275.372334
1614647275.382343
1614647275.395648
1614647275.402319
1614647275.412390
1614647275.425695
1614647275.432351
1614647275.442354
1614647275.455691
1614647275.462320
1614647275.472366
1614647275.485661
1614647275.492356
1614647275.502345
1614647275.515671
1614647275.522321
1614647275.532322
1614647275.545688
1614647275.552358
1614647275.562333
1614647275.575653
1614647275.582323
1614647275.592319
1614647275.605669
1614647275.612337
1614647275.622319
1614647275.635668
1614647275.642354
1614647275.652318
1614647275.665651
1614647275.672320
1614647275.682351
1614647275.695665
1614647275.702320
1614647275.712319
1614647275.725661
1614647275.732398
1614647275.742323
1614647275.755656
1614647275.762317
1614647275.772320
1614647275.785651
1614647275.792350
1614647275.802318
1614647275.815654
1614647275.822321
1614647275.832324
1614647275.845655
1614647275.852343
1614647275.862319
1614647275.875653
1614647275.882319
1614647275.892356
1614647275.905653
1614647275.912369
1614647275.922400
1614647275.935693
1614647275.942371
1614647275.952374
1614647275.965702
1614647275.972364
1614647275.982323
1614647275.995686
1614647276.002319
1614647276.012350
1614647276.025667
1614647276.032360
1614647276.042324
1614647276.055654
1614647276.062318
1614647276.072318
1614647276.085652
1614647276.092354
1614647276.102321
1614647276.115696
1614647276.122319
1614647276.132325
1614647276.152321
1614647276.155649
1614647276.162318
1614647276.175652
1614647276.182318
1614647276.192317
1614647276.205689
1614647276.212318
1614647276.222319
1614647276.235694
1614647276.242344
1614647276.252319
1614647276.265652
1614647276.272319
1614647276.282319
1614647276.295653
1614647276.302332
1614647276.312320
1614647276.325789
1614647276.332348
1614647276.342322
1614647276.355653
1614647276.362319
1614647276.372319
1614647276.385651
1614647276.392318
1614647276.402332
1614647276.415651
1614647276.422357
1614647276.432359
1614647276.445655
1614647276.452320
1614647276.462317
1614647276.475658
1614647276.482318
1614647276.492316
1614647276.505652
1614647276.512321
1614647276.522323
1614647276.552323
1614647276.555649
1614647276.559007
1614647276.565671
1614647276.572329
1614647276.582317
1614647276.595652
1614647276.602330
1614647276.612320
1614647276.625681
1614647276.632374
1614647276.642380
1614647276.655685
1614647276.662335
1614647276.672365
1614647276.685655
1614647276.692356
1614647276.702322
1614647276.715653
1614647276.722320
1614647276.732325
1614647276.745657
1614647276.752323
1614647276.762321
1614647276.775653
1614647276.782318
1614647276.792317
1614647276.805682
1614647276.812319
1614647276.822372
1614647276.835693
1614647276.842352
1614647276.852320
1614647276.865686
1614647276.872354
1614647276.882318
1614647276.895688
1614647276.902335
1614647276.912323
1614647276.925695
1614647276.939036
1614647276.942353
1614647276.955654
1614647276.962356
1614647276.972320
1614647276.985684
1614647276.992357
1614647277.002326
1614647277.015684
1614647277.022346
1614647277.032337
1614647277.045691
1614647277.052321
1614647277.062317
1614647277.075654
1614647277.082319
1614647277.092317
1614647277.105653
1614647277.112320
1614647277.122321
1614647277.135664
1614647277.142320
1614647277.152323
1614647277.165684
1614647277.172320
1614647277.182319
1614647277.195689
1614647277.202319
1614647277.212335
1614647277.225782
1614647277.232355
1614647277.242326
1614647277.255651
1614647277.262317
1614647277.275651
1614647277.285652
1614647277.292318
1614647277.305677
1614647277.315681
1614647277.328988
1614647277.335662
1614647277.345653
1614647277.352322
1614647277.365653
1614647277.375652
1614647277.382318
1614647277.392346
1614647277.405684
1614647277.412355
1614647277.422376
1614647277.435661
1614647277.442348
1614647277.452350
1614647277.465683
1614647277.472319
1614647277.485681
1614647277.495694
1614647277.502318
1614647277.515666
1614647277.525701
1614647277.532341
1614647277.545668
1614647277.555674
1614647277.562318
1614647277.575651
1614647277.585684
1614647277.592357
1614647277.602394
1614647277.615691
1614647277.622319
1614647277.635765
1614647277.645653
1614647277.652333
1614647277.662351
1614647277.675684
1614647277.682320
1614647277.695688
1614647277.705701
1614647277.718988
1614647277.725733
1614647277.735669
1614647277.742319
1614647277.755655
1614647277.765651
1614647277.772319
1614647277.785652
1614647277.795652
1614647277.802350
1614647277.815652
1614647277.825687
1614647277.832368
1614647277.845663
1614647277.855688
1614647277.862318
1614647277.875657
1614647277.885662
1614647277.892345
1614647277.905651
1614647277.915653
1614647277.922336
1614647277.935661
1614647277.945660
1614647277.952323
1614647277.965652
1614647277.975654
1614647277.982332
1614647277.995659
1614647278.005659
1614647278.012358
1614647278.025731
1614647278.035670
1614647278.042327
1614647278.055651
1614647278.065651
1614647278.072317
1614647278.085651
1614647278.095689
1614647278.102320
1614647278.118987
1614647278.125772
1614647278.132319
1614647278.145659
1614647278.155656
1614647278.162317
1614647278.175650
1614647278.185651
1614647278.192358
1614647278.205689
1614647278.215689
1614647278.222413
1614647278.235696
1614647278.245655
1614647278.252319
1614647278.265650
1614647278.275650
1614647278.282320
1614647278.292356
1614647278.305653
1614647278.312369
1614647278.325726
1614647278.335664
1614647278.342322
1614647278.355654
1614647278.365650
1614647278.372321
1614647278.382318
1614647278.395707
1614647278.402319
1614647278.415652
1614647278.425743
1614647278.432320
1614647278.442322
1614647278.455699
1614647278.462350
1614647278.472318
1614647278.485652
1614647278.492368
1614647278.508986
1614647278.515656
1614647278.522320
1614647278.535666
1614647278.545713
1614647278.552376
1614647278.562363
1614647278.575651
1614647278.582319
1614647278.592349
1614647278.605689
1614647278.612334
1614647278.625684
1614647278.635676
1614647278.642322
1614647278.655651
1614647278.665651
1614647278.672318
1614647278.682322
1614647278.695682
1614647278.702318
1614647278.715676
1614647278.725776
1614647278.732382
1614647278.745660
1614647278.755656
1614647278.762320
1614647278.775652
1614647278.785653
1614647278.792319
1614647278.805652
1614647278.815687
1614647278.822366
1614647278.835699
1614647278.845652
1614647278.852318
1614647278.865651
1614647278.875651
1614647278.882316
1614647278.895677
1614647278.912323
1614647278.915652
1614647278.922326
1614647278.935668
1614647278.942374
1614647278.955703
1614647278.965671
1614647278.972330
1614647278.985659
1614647278.995691
1614647279.002318
1614647279.015688
1614647279.025686
1614647279.032350
1614647279.045655
1614647279.055654
1614647279.062317
1614647279.075679
1614647279.085652
1614647279.092346
1614647279.105651
1614647279.115652
1614647279.122343
1614647279.135666
1614647279.145661
1614647279.152323
1614647279.165655
1614647279.175652
1614647279.182319
1614647279.192392
1614647279.205687
1614647279.212337
1614647279.225773
1614647279.235694
1614647279.242353
1614647279.255652
1614647279.265689
1614647279.272368
1614647279.285652
1614647279.302339
1614647279.305670
1614647279.312351
1614647279.325669
1614647279.332319
1614647279.345660
1614647279.355656
1614647279.362353
1614647279.375656
1614647279.385690
1614647279.392350
1614647279.402318
1614647279.415692
1614647279.422359
1614647279.432375
1614647279.445667
1614647279.452334
1614647279.465650
1614647279.475650
1614647279.482317
1614647279.495652
1614647279.505651
1614647279.512319
1614647279.522325
1614647279.535702
1614647279.542322
1614647279.555655
1614647279.565654
1614647279.572318
1614647279.582319
1614647279.595652
1614647279.602319
1614647279.612379
1614647279.625724
1614647279.632366
1614647279.645672
1614647279.655685
1614647279.662319
1614647279.675652
1614647279.692347
1614647279.695649
1614647279.702358
1614647279.715672
1614647279.722321
1614647279.732376
1614647279.745655
1614647279.752326
1614647279.762316
1614647279.775652
1614647279.782317
1614647279.792316
1614647279.805655
1614647279.812318
1614647279.825769
1614647279.835662
1614647279.842321
1614647279.852321
1614647279.865685
1614647279.872356
1614647279.885653
1614647279.895689
1614647279.902355
1614647279.915656
1614647279.925779
1614647279.932344
1614647279.945655
1614647279.955681
1614647279.962363
1614647279.972364
1614647279.985700
1614647279.992350
1614647280.005684
1614647280.015653
1614647280.022355
1614647280.032393
1614647280.045655
1614647280.052320
1614647280.065653
1614647280.075653
1614647280.088995
1614647280.095653
1614647280.105653
1614647280.112320
1614647280.122324
1614647280.135695
1614647280.142318
1614647280.152327
1614647280.165651
1614647280.172317
1614647280.185680
1614647280.195652
1614647280.202362
1614647280.215674
1614647280.225791
1614647280.232438
1614647280.242436
1614647280.255709
1614647280.262339
1614647280.275657
1614647280.285655
1614647280.292318
1614647280.305652
1614647280.315652
1614647280.322319
1614647280.335665
1614647280.345657
1614647280.352323
1614647280.362354
1614647280.375651
1614647280.382317
1614647280.395688
1614647280.405652
1614647280.412317
1614647280.425652
1614647280.435686
1614647280.442329
1614647280.455653
1614647280.465653
1614647280.479032
1614647280.485651
1614647280.495689
1614647280.502355
1614647280.515655
1614647280.525734
1614647280.532341
1614647280.545659
1614647280.555654
1614647280.562356
1614647280.575650
1614647280.585651
1614647280.592316
1614647280.605651
1614647280.615652
1614647280.622334
1614647280.635681
1614647280.645654
1614647280.652318
1614647280.665652
1614647280.675666
1614647280.682319
1614647280.695690
1614647280.705652
1614647280.712318
1614647280.722387
1614647280.735698
1614647280.742321
1614647280.752390
1614647280.765657
1614647280.772318
1614647280.782328
1614647280.795707
1614647280.802356
1614647280.812330
1614647280.825773
1614647280.832346
1614647280.842352
1614647280.855650
1614647280.862316
1614647280.872319
1614647280.885683
1614647280.892320
1614647280.902368
1614647280.915653
1614647280.922318
1614647280.932350
1614647280.945660
1614647280.952320
1614647280.962333
1614647280.975651
1614647280.982317
1614647280.995682
1614647281.005679
1614647281.012345
1614647281.025775
1614647281.035673
1614647281.042339
1614647281.052347
1614647281.065666
1614647281.072318
1614647281.085651
1614647281.095680
1614647281.102349
1614647281.112318
1614647281.125660
1614647281.132339
1614647281.145667
1614647281.155688
1614647281.162319
1614647281.172319
1614647281.185651
1614647281.192348
1614647281.202363
1614647281.215695
1614647281.222321
1614647281.232326
1614647281.245654
1614647281.252321
1614647281.269018
1614647281.275653
1614647281.282317
1614647281.292318
1614647281.305684
1614647281.312369
1614647281.322327
1614647281.335663
1614647281.342348
1614647281.355656
1614647281.365667
1614647281.372317
1614647281.385651
1614647281.395657
1614647281.402342
1614647281.415689
1614647281.425763
1614647281.432321
1614647281.445658
1614647281.455652
1614647281.462317
1614647281.472319
1614647281.485650
1614647281.492318
1614647281.505688
1614647281.515655
1614647281.522319
1614647281.532323
1614647281.545659
1614647281.552327
1614647281.565651
1614647281.575706
1614647281.582334
1614647281.592362
1614647281.605659
1614647281.612331
1614647281.622320
1614647281.635667
1614647281.642324
1614647281.659011
1614647281.665651
1614647281.672317
1614647281.685651
1614647281.695691
1614647281.702355
1614647281.715705
1614647281.725777
1614647281.732380
1614647281.745687
1614647281.755655
1614647281.762367
1614647281.772352
1614647281.785679
1614647281.792350
1614647281.802382
1614647281.815653
1614647281.822355
1614647281.835683
1614647281.845653
1614647281.852326
1614647281.862316
1614647281.875655
1614647281.882317
1614647281.892316
1614647281.905651
1614647281.912319
1614647281.925659
1614647281.935661
1614647281.942320
1614647281.952355
1614647281.965654
1614647281.972344
1614647281.982366
1614647281.995651
1614647282.002318
1614647282.012343
1614647282.025776
1614647282.032371
1614647282.045653
1614647282.062317
1614647282.065649
1614647282.075650
1614647282.085650
1614647282.092350
1614647282.102337
1614647282.115653
1614647282.122358
1614647282.132366
1614647282.145664
1614647282.152323
1614647282.162374
1614647282.175652
1614647282.182320
1614647282.192358
1614647282.205681
1614647282.212350
1614647282.225738
1614647282.235785
1614647282.242319
1614647282.252316
1614647282.265651
1614647282.272317
1614647282.285650
1614647282.295711
1614647282.302319
1614647282.315655
1614647282.325665
1614647282.332336
1614647282.342323
1614647282.355654
1614647282.362317
1614647282.372318
1614647282.385651
1614647282.392346
1614647282.402351
1614647282.415653
1614647282.422372
1614647282.432330
1614647282.452321
1614647282.455684
1614647282.462319
1614647282.475651
1614647282.482317
1614647282.495689
1614647282.505651
1614647282.512324
1614647282.522318
1614647282.535685
1614647282.542319
1614647282.555655
1614647282.565652
1614647282.572319
1614647282.582319
1614647282.595699
1614647282.602318
1614647282.615704
1614647282.625715
1614647282.632357
1614647282.642348
1614647282.655689
1614647282.662365
1614647282.672332
1614647282.685650
1614647282.692317
1614647282.702318
1614647282.715653
1614647282.722337
1614647282.735662
1614647282.745703
1614647282.752324
1614647282.762318
1614647282.775668
1614647282.782319
1614647282.795689
1614647282.805652
1614647282.812318
1614647282.825783
1614647282.842320
1614647282.845650
1614647282.852318
1614647282.865651
1614647282.872277
1614647282.882320
1614647282.895697
1614647282.902354
1614647282.912354
1614647282.925655
1614647282.932318
1614647282.942352
1614647282.955653
1614647282.962316
1614647282.972322
1614647282.985651
1614647282.992316
1614647283.005683
1614647283.015680
1614647283.022377
1614647283.035695
1614647283.045653
1614647283.052337
1614647283.062337
1614647283.075668
1614647283.082318
1614647283.092317
1614647283.105651
1614647283.112317
1614647283.125780
1614647283.135660
1614647283.142372
1614647283.152370
1614647283.165672
1614647283.172327
1614647283.185653
1614647283.195681
1614647283.202318
1614647283.215681
1614647283.225651
1614647283.239010
1614647283.245654
1614647283.255655
1614647283.262353
1614647283.275652
1614647283.285668
1614647283.292315
1614647283.305654
1614647283.315652
1614647283.322320
1614647283.335686
1614647283.345685
1614647283.352323
1614647283.365651
1614647283.375656
1614647283.382317
1614647283.395690
1614647283.405682
1614647283.412343
1614647283.422359
1614647283.435726
1614647283.442352
1614647283.455651
1614647283.465684
1614647283.472318
1614647283.485651
1614647283.495650
1614647283.502318
1614647283.515653
1614647283.525693
1614647283.532330
1614647283.545696
1614647283.555712
1614647283.562380
1614647283.572362
1614647283.585654
1614647283.592346
1614647283.605652
1614647283.615676
1614647283.628984
1614647283.632367
1614647283.645655
1614647283.652321
1614647283.665651
1614647283.675650
1614647283.682316
1614647283.695683
1614647283.705652
1614647283.712369
1614647283.725685
1614647283.735664
1614647283.742386
1614647283.755686
1614647283.765663
1614647283.772321
1614647283.785652
1614647283.795652
1614647283.802320
1614647283.815651
1614647283.825652
1614647283.832358
1614647283.842333
1614647283.855670
1614647283.862329
1614647283.872401
1614647283.885652
1614647283.892340
1614647283.905684
1614647283.915652
1614647283.922319
1614647283.935661
1614647283.945655
1614647283.952322
1614647283.965651
1614647283.975652
1614647283.982318
1614647283.995650
1614647284.005686
1614647284.012351
1614647284.029120
1614647284.035682
1614647284.042365
1614647284.055676
1614647284.065676
1614647284.072318
1614647284.085650
1614647284.095691
1614647284.102344
1614647284.115653
1614647284.125689
1614647284.132319
1614647284.145660
1614647284.155655
1614647284.162305
1614647284.175652
1614647284.185680
1614647284.192319
1614647284.202362
1614647284.215688
1614647284.222324
1614647284.235692
1614647284.245654
1614647284.252318
1614647284.262372
1614647284.275651
1614647284.282320
1614647284.292381
1614647284.305651
1614647284.312316
1614647284.325697
1614647284.335691
1614647284.342371
1614647284.352341
1614647284.365659
1614647284.372321
1614647284.385650
1614647284.395677
1614647284.402346
1614647284.419024
1614647284.425683
1614647284.432361
1614647284.445656
1614647284.455661
1614647284.462318
1614647284.475684
1614647284.485651
1614647284.492347
1614647284.502354
1614647284.515688
1614647284.522320
1614647284.535670
1614647284.545726
1614647284.552370
1614647284.562365
1614647284.575663
1614647284.582328
1614647284.592359
1614647284.605671
1614647284.612317
1614647284.625650
1614647284.635690
1614647284.642319
1614647284.652351
1614647284.665653
1614647284.672316
1614647284.685649
1614647284.695688
1614647284.702358
1614647284.715722
1614647284.725682
1614647284.732342
1614647284.742348
1614647284.755666
1614647284.762316
1614647284.775684
1614647284.785683
1614647284.792355
1614647284.809007
1614647284.815683
1614647284.822359
1614647284.835695
1614647284.845677
1614647284.852351
1614647284.862350
1614647284.875651
1614647284.882326
1614647284.895680
1614647284.905690
1614647284.912327
1614647284.925692
1614647284.935669
1614647284.942355
1614647284.952400
1614647284.965659
1614647284.972320
1614647284.985653
1614647284.995651
1614647285.002347
1614647285.015701
1614647285.025687
1614647285.032371
1614647285.042339
1614647285.055654
1614647285.062318
1614647285.075690
1614647285.085690
1614647285.092358
1614647285.105686
1614647285.115653
1614647285.122319
1614647285.135661
1614647285.145658
1614647285.152353
1614647285.165650
1614647285.175683
1614647285.182322
1614647285.195700
1614647285.212321
1614647285.215650
1614647285.222375
1614647285.235687
1614647285.242352
1614647285.255691
1614647285.265683
1614647285.272351
1614647285.282330
1614647285.295660
1614647285.302357
1614647285.315654
1614647285.325771
1614647285.332366
1614647285.345660
1614647285.355679
1614647285.362318
1614647285.375650
1614647285.385679
1614647285.392320
1614647285.405688
1614647285.415691
1614647285.422331
1614647285.435701
1614647285.445665
1614647285.452318
1614647285.465651
1614647285.475650
1614647285.482272
1614647285.495681
1614647285.505683
1614647285.512318
1614647285.525657
1614647285.535669
1614647285.542320
1614647285.555655
1614647285.565651
1614647285.572323
1614647285.585651
1614647285.602317
1614647285.605681
1614647285.615675
1614647285.625760
1614647285.632324
1614647285.645656
1614647285.655652
1614647285.662318
1614647285.675652
1614647285.685651
1614647285.692354
1614647285.705685
1614647285.715686
1614647285.722322
1614647285.735661
1614647285.745656
1614647285.752321
1614647285.765650
1614647285.775649
1614647285.782349
1614647285.795690
1614647285.805689
1614647285.812347
1614647285.825692
1614647285.835709
1614647285.842368
1614647285.852446
1614647285.865660
1614647285.872324
1614647285.882353
1614647285.895651
1614647285.902359
1614647285.915655
1614647285.925651
1614647285.932326
1614647285.945676
1614647285.955699
1614647285.962320
1614647285.975683
1614647285.985655
1614647285.999021
1614647286.005688
1614647286.015652
1614647286.022318
1614647286.032378
1614647286.045653
1614647286.052348
1614647286.065653
1614647286.075650
1614647286.082316
1614647286.095686
1614647286.105651
1614647286.112343
1614647286.125686
1614647286.135695
1614647286.142321
1614647286.152361
1614647286.165651
1614647286.172322
1614647286.185688
1614647286.195653
1614647286.202362
1614647286.215652
1614647286.225760
1614647286.232360
1614647286.242353
1614647286.255651
1614647286.262340
1614647286.275675
1614647286.285683
1614647286.292354
1614647286.305654
1614647286.315652
1614647286.322318
1614647286.335697
1614647286.345664
1614647286.352322
1614647286.365652
1614647286.375650
1614647286.388985
1614647286.395688
1614647286.405681
1614647286.412350
1614647286.425654
1614647286.435694
1614647286.442348
1614647286.455694
1614647286.465651
1614647286.472323
1614647286.485649
1614647286.495675
1614647286.502318
1614647286.515710
1614647286.525687
1614647286.532449
1614647286.545695
1614647286.555668
1614647286.562317
1614647286.575651
1614647286.585651
1614647286.592346
1614647286.605687
1614647286.615707
1614647286.622350
1614647286.635691
1614647286.645671
1614647286.652319
1614647286.665688
1614647286.675674
1614647286.682342
1614647286.695675
1614647286.705688
1614647286.712337
1614647286.725654
1614647286.735660
1614647286.742354
1614647286.755679
1614647286.765652
1614647286.778982
1614647286.785655
1614647286.795686
1614647286.802321
1614647286.815681
1614647286.825766
1614647286.832369
1614647286.845700
1614647286.855654
1614647286.862342
1614647286.875686
1614647286.885680
1614647286.892355
1614647286.905655
1614647286.915683
1614647286.922364
1614647286.932436
1614647286.945709
1614647286.952353
1614647286.965660
1614647286.975651
1614647286.982316
1614647286.995681
1614647287.005652
1614647287.012353
1614647287.025680
1614647287.035662
1614647287.042319
1614647287.055651
1614647287.065650
1614647287.072316
1614647287.085651
1614647287.095682
1614647287.102355
1614647287.115653
1614647287.125654
1614647287.132372
1614647287.145660
1614647287.155668
1614647287.162320
1614647287.178982
1614647287.185655
1614647287.192315
1614647287.205714
1614647287.215682
1614647287.222357
1614647287.235688
1614647287.245651
1614647287.252316
1614647287.265650
1614647287.275683
1614647287.282355
1614647287.295698
1614647287.305706
1614647287.312351
1614647287.325768
1614647287.335774
1614647287.342609
1614647287.355717
1614647287.365685
1614647287.372335
1614647287.385656
1614647287.395653
1614647287.402348
1614647287.415683
1614647287.425674
1614647287.432361
1614647287.445681
1614647287.455653
1614647287.462321
1614647287.475651
1614647287.485651
1614647287.492348
1614647287.505651
1614647287.515671
1614647287.522349
1614647287.535687
1614647287.545663
1614647287.552331
1614647287.568983
1614647287.575649
1614647287.582316
1614647287.595665
1614647287.605651
1614647287.612319
1614647287.625765
1614647287.635662
1614647287.642351
1614647287.655651
1614647287.665650
1614647287.672317
1614647287.685649
1614647287.695715
1614647287.702346
1614647287.715654
1614647287.725682
1614647287.732383
1614647287.745712
1614647287.755697
1614647287.762352
1614647287.775680
1614647287.785688
1614647287.792318
1614647287.805681
1614647287.815650
1614647287.822318
1614647287.835694
1614647287.845654
1614647287.852354
1614647287.865681
1614647287.875651
1614647287.882317
1614647287.895649
1614647287.905651
1614647287.912318
1614647287.925692
1614647287.935660
1614647287.942332
1614647287.958985
1614647287.965650
1614647287.972367
1614647287.985678
1614647287.995698
1614647288.002350
1614647288.015683
1614647288.025655
1614647288.032330
1614647288.045653
1614647288.055653
1614647288.062319
1614647288.075703
1614647288.085665
1614647288.092357
1614647288.105651
1614647288.115652
1614647288.122350
1614647288.135673
1614647288.145661
1614647288.152320
1614647288.165650
1614647288.175649
1614647288.182316
1614647288.195681
1614647288.205684
1614647288.212354
1614647288.225654
1614647288.235765
1614647288.242319
1614647288.255680
1614647288.265649
1614647288.272315
1614647288.285651
1614647288.295671
1614647288.302371
1614647288.315652
1614647288.325654
1614647288.332346
1614647288.345660
1614647288.362320
1614647288.365649
1614647288.375703
1614647288.385664
1614647288.392354
1614647288.405683
1614647288.415651
1614647288.422342
1614647288.435710
1614647288.445650
1614647288.452314
1614647288.465651
1614647288.475659
1614647288.482315
1614647288.495653
1614647288.505670
1614647288.512319
1614647288.525653
1614647288.535661
1614647288.542345
1614647288.555654
1614647288.565680
1614647288.572317
1614647288.585651
1614647288.595650
1614647288.602316
1614647288.615680
1614647288.625657
1614647288.632319
1614647288.645654
1614647288.655651
1614647288.662347
1614647288.675652
1614647288.685652
1614647288.692317
1614647288.705651
1614647288.715652
1614647288.722357
1614647288.735662
1614647288.752334
1614647288.755650
1614647288.765684
1614647288.775651
1614647288.782331
1614647288.795702
1614647288.805650
1614647288.812351
1614647288.825675
1614647288.835688
1614647288.842321
1614647288.855689
1614647288.865684
1614647288.872329
1614647288.885707
1614647288.895669
1614647288.902355
1614647288.915652
1614647288.925668
1614647288.932322
1614647288.945661
1614647288.955653
1614647288.962319
1614647288.975650
1614647288.985651
1614647288.992354
1614647289.005650
1614647289.015683
1614647289.022357
1614647289.035667
1614647289.045652
1614647289.052318
1614647289.065651
1614647289.075651
1614647289.082317
1614647289.095651
1614647289.105652
1614647289.112318
1614647289.125660
1614647289.135681
1614647289.148993
1614647289.155668
1614647289.165651
1614647289.172317
1614647289.185650
1614647289.195682
1614647289.202354
1614647289.215702
1614647289.225696
1614647289.232417
1614647289.245690
1614647289.255713
1614647289.262336
1614647289.275656
1614647289.285651
1614647289.292317
1614647289.305652
1614647289.315655
1614647289.322319
1614647289.335688
1614647289.345662
1614647289.352323
1614647289.365650
1614647289.375650
1614647289.382325
1614647289.395681
1614647289.405667
1614647289.412318
1614647289.425747
1614647289.435727
1614647289.442398
1614647289.455690
1614647289.465655
1614647289.472350
1614647289.485650
1614647289.495651
1614647289.502354
1614647289.515652
1614647289.525653
1614647289.538991
1614647289.545679
1614647289.555681
1614647289.562354
1614647289.575690
1614647289.585680
1614647289.592365
1614647289.605680
1614647289.615696
1614647289.622318
1614647289.635680
1614647289.645653
1614647289.652344
1614647289.665650
1614647289.675650
1614647289.682320
1614647289.695657
1614647289.705652
1614647289.712319
1614647289.725681
1614647289.735660
1614647289.742320
1614647289.755657
1614647289.765649
1614647289.772315
1614647289.785651
1614647289.795652
1614647289.802354
1614647289.815695
1614647289.825653
1614647289.832363
1614647289.845653
1614647289.855651
1614647289.862346
1614647289.875678
1614647289.885650
1614647289.892348
1614647289.905662
1614647289.915653
1614647289.929002
1614647289.935661
1614647289.945659
1614647289.952324
1614647289.965652
1614647289.975651
1614647289.982318
1614647289.995651
1614647290.005684
1614647290.012317
1614647290.025705
1614647290.035661
1614647290.042320
1614647290.055651
1614647290.065650
1614647290.072331
1614647290.085650
1614647290.095650
1614647290.102358
1614647290.115652
1614647290.125680
1614647290.132323
1614647290.145658
1614647290.155653
1614647290.162330
1614647290.175650
1614647290.185651
1614647290.192317
1614647290.205664
1614647290.215688
1614647290.222317
1614647290.235666
1614647290.245652
1614647290.252318
1614647290.265652
1614647290.275664
1614647290.282318
1614647290.295651
1614647290.305702
1614647290.312319
1614647290.328987
1614647290.335669
1614647290.342319
1614647290.355652
1614647290.365655
1614647290.372317
1614647290.385649
1614647290.395670
1614647290.402348
1614647290.415682
1614647290.425654
1614647290.432354
1614647290.445690
1614647290.455666
1614647290.462349
1614647290.475652
1614647290.485651
1614647290.492357
1614647290.505650
1614647290.515654
1614647290.522320
1614647290.535664
1614647290.545656
1614647290.552321
1614647290.565650
1614647290.575650
1614647290.582316
1614647290.595666
1614647290.605652
1614647290.612316
1614647290.625690
1614647290.635702
1614647290.642630
1614647290.655681
1614647290.665660
1614647290.672324
1614647290.685652
1614647290.695652
1614647290.702318
1614647290.719008
1614647290.725706
1614647290.732343
1614647290.745659
1614647290.755655
1614647290.762318
1614647290.775651
1614647290.785650
1614647290.792345
1614647290.805664
1614647290.815681
1614647290.822356
1614647290.835660
1614647290.845654
1614647290.852327
1614647290.865649
1614647290.875664
1614647290.882317
1614647290.895650
1614647290.905649
1614647290.912316
1614647290.925658
1614647290.935663
1614647290.942352
1614647290.955635
1614647290.965651
1614647290.972346
1614647290.985665
1614647290.995687
1614647291.002360
1614647291.015650
1614647291.025652
1614647291.032385
1614647291.045664
1614647291.055652
1614647291.062341
1614647291.075652
1614647291.085651
1614647291.092354
1614647291.105692
1614647291.115695
1614647291.122350
1614647291.135661
1614647291.145679
1614647291.152355
1614647291.165649
1614647291.175651
1614647291.182317
1614647291.195655
1614647291.205651
1614647291.212348
1614647291.225658
1614647291.235718
1614647291.242377
1614647291.255710
1614647291.265724
1614647291.272354
1614647291.285654
1614647291.295652
1614647291.302356
1614647291.315657
1614647291.325652
1614647291.332386
1614647291.345663
1614647291.355653
1614647291.362323
1614647291.375680
1614647291.385651
1614647291.392345
1614647291.405653
1614647291.415652
1614647291.422342
1614647291.435697
1614647291.445652
1614647291.452325
1614647291.465652
1614647291.475650
1614647291.482317
1614647291.495651
1614647291.512320
1614647291.515649
1614647291.525655
1614647291.535688
1614647291.542317
1614647291.555654
1614647291.565651
1614647291.572341
1614647291.585652
1614647291.595652
1614647291.602349
1614647291.615650
1614647291.625651
1614647291.632361
1614647291.645653
1614647291.655650
1614647291.662316
1614647291.675649
1614647291.685668
1614647291.692316
1614647291.705651
1614647291.715652
1614647291.722317
1614647291.735668
1614647291.745684
1614647291.752321
1614647291.765651
1614647291.775651
1614647291.782344
1614647291.795651
1614647291.805663
1614647291.812319
1614647291.825652
1614647291.835661
1614647291.842323
1614647291.855651
1614647291.865650
1614647291.872322
1614647291.885603
1614647291.915668
1614647291.919018
1614647291.922319
1614647291.925660
1614647291.932321
1614647291.945656
1614647291.955655
1614647291.962317
1614647291.975651
1614647291.985662
1614647291.992347
1614647292.005665
1614647292.015670
1614647292.022318
1614647292.035664
1614647292.045658
1614647292.052316
1614647292.065650
1614647292.075699
1614647292.082316
1614647292.095653
1614647292.105652
1614647292.112342
1614647292.125661
1614647292.135661
1614647292.142320
1614647292.155653
1614647292.165649
1614647292.172341
1614647292.185650
1614647292.195676
1614647292.202345
1614647292.215651
1614647292.225654
1614647292.232360
1614647292.245675
1614647292.255688
1614647292.262354
1614647292.275650
1614647292.285649
1614647292.299013
1614647292.305663
1614647292.315651
1614647292.322318
1614647292.335694
1614647292.345659
1614647292.352342
1614647292.365652
1614647292.375649
1614647292.382316
1614647292.395686
1614647292.405653
1614647292.412320
1614647292.425655
1614647292.435662
1614647292.442364
1614647292.455651
1614647292.465650
1614647292.472317
1614647292.485669
1614647292.495664
1614647292.502347
1614647292.515656
1614647292.525696
1614647292.532356
1614647292.545661
1614647292.555673
1614647292.562349
1614647292.575670
1614647292.585651
1614647292.592349
1614647292.605654
1614647292.615715
1614647292.622350
1614647292.635681
1614647292.645662
1614647292.652349
1614647292.665660
1614647292.675669
1614647292.688982
1614647292.695667
1614647292.705703
1614647292.712316
1614647292.725702
1614647292.735660
1614647292.742317
1614647292.755654
1614647292.765695
1614647292.772339
1614647292.785654
1614647292.795669
1614647292.802329
1614647292.815665
1614647292.825653
1614647292.832365
1614647292.845655
1614647292.855665
1614647292.862319
1614647292.875650
1614647292.885657
1614647292.892355
1614647292.905651
1614647292.915682
1614647292.922321
1614647292.935662
1614647292.945673
1614647292.952321
1614647292.965664
1614647292.975660
1614647292.982316
1614647292.995707
1614647293.005693
1614647293.012317
1614647293.025701
1614647293.035671
1614647293.042351
1614647293.055651
1614647293.065651
1614647293.079015
1614647293.085651
1614647293.095650
1614647293.102317
1614647293.115685
1614647293.125660
1614647293.132347
1614647293.145659
1614647293.155653
1614647293.162317
1614647293.175665
1614647293.185654
1614647293.192324
1614647293.205653
1614647293.215696
1614647293.222318
1614647293.235688
1614647293.245653
1614647293.252317
1614647293.265668
1614647293.275651
1614647293.282341
1614647293.295650
1614647293.305652
1614647293.312350
1614647293.325671
1614647293.335660
1614647293.342320
1614647293.355653
1614647293.365664
1614647293.372364
1614647293.385652
1614647293.395669
1614647293.402353
1614647293.415730
1614647293.425654
1614647293.432369
1614647293.445654
1614647293.455650
1614647293.462315
1614647293.479018
1614647293.485661
1614647293.492354
1614647293.505682
1614647293.515654
1614647293.522318
1614647293.535659
1614647293.545675
1614647293.552320
1614647293.565650
1614647293.575650
1614647293.582320
1614647293.595653
1614647293.605649
1614647293.612349
1614647293.625663
1614647293.635713
1614647293.642353
1614647293.655652
1614647293.665651
1614647293.672316
1614647293.685652
1614647293.695670
1614647293.702355
1614647293.715666
1614647293.725659
1614647293.732329
1614647293.745663
1614647293.755653
1614647293.762367
1614647293.775664
1614647293.785651
1614647293.792356
1614647293.805651
1614647293.815655
1614647293.822366
1614647293.835662
1614647293.845663
1614647293.852318
1614647293.868984
1614647293.875664
1614647293.882318
1614647293.895653
1614647293.905687
1614647293.912318
1614647293.925704
1614647293.935708
1614647293.942383
1614647293.955670
1614647293.965657
1614647293.972316
1614647293.985664
1614647293.995678
1614647294.002349
1614647294.015652
1614647294.025649
1614647294.032360
1614647294.045653
1614647294.055704
1614647294.062316
1614647294.075649
1614647294.085664
1614647294.092316
1614647294.105675
1614647294.115653
1614647294.122375
1614647294.135696
1614647294.145678
1614647294.152344
1614647294.165693
1614647294.175654
1614647294.182319
1614647294.195650
1614647294.205651
1614647294.212357
1614647294.225703
1614647294.235681
1614647294.242318
1614647294.255654
1614647294.272316
1614647294.275649
1614647294.285650
1614647294.295651
1614647294.302354
1614647294.315660
1614647294.325657
1614647294.332353
1614647294.345665
1614647294.355655
1614647294.362318
1614647294.375664
1614647294.385651
1614647294.392317
1614647294.405650
1614647294.415682
1614647294.422318
1614647294.435690
1614647294.445680
1614647294.452317
1614647294.465674
1614647294.475661
1614647294.482315
1614647294.495711
1614647294.505670
1614647294.512316
1614647294.525713
1614647294.535672
1614647294.542320
1614647294.555655
1614647294.565653
1614647294.572316
1614647294.585668
1614647294.595680
1614647294.602348
1614647294.615653
1614647294.625658
1614647294.632356
1614647294.645668
1614647294.662315
1614647294.665648
1614647294.675648
1614647294.685652
1614647294.692346
1614647294.705652
1614647294.715669
1614647294.722359
1614647294.735660
1614647294.745660
1614647294.752354
1614647294.765650
1614647294.775650
1614647294.782329
1614647294.795649
1614647294.805718
1614647294.812353
1614647294.825653
1614647294.835691
1614647294.842318
1614647294.855658
1614647294.865650
1614647294.872316
1614647294.885659
1614647294.895698
1614647294.902354
1614647294.915693
1614647294.925708
1614647294.932387
1614647294.945696
1614647294.955680
1614647294.962356
1614647294.975652
1614647294.985692
1614647294.992315
1614647295.005700
1614647295.015681
1614647295.022320
1614647295.035661
1614647295.052323
1614647295.055659
1614647295.065648
1614647295.075648
1614647295.082315
1614647295.095689
1614647295.105656
1614647295.112319
1614647295.125700
1614647295.135691
1614647295.142344
1614647295.155683
1614647295.165654
1614647295.172316
1614647295.185648
1614647295.195681
1614647295.202358
1614647295.215688
1614647295.225761
1614647295.232358
1614647295.245664
1614647295.255650
1614647295.262316
1614647295.275649
1614647295.285651
1614647295.292318
1614647295.305650
1614647295.315672
1614647295.322318
1614647295.335660
1614647295.345691
1614647295.352323
1614647295.365652
1614647295.375679
1614647295.382360
1614647295.395653
1614647295.405722
1614647295.412353
1614647295.425712
1614647295.435718
1614647295.448983
1614647295.455652
1614647295.465669
1614647295.472316
1614647295.485649
1614647295.495662
1614647295.502349
1614647295.515673
1614647295.525707
1614647295.532366
1614647295.545668
1614647295.555652
1614647295.562315
1614647295.575648
1614647295.585650
1614647295.592350
1614647295.605650
1614647295.615702
1614647295.622317
1614647295.635693
1614647295.645651
1614647295.652315
1614647295.665649
1614647295.675650
1614647295.682316
1614647295.695652
1614647295.705650
1614647295.712363
1614647295.725736
1614647295.735669
1614647295.742319
1614647295.755652
1614647295.765651
1614647295.772341
1614647295.785651
1614647295.795657
1614647295.802348
1614647295.815653
1614647295.825754
1614647295.839065
1614647295.845675
1614647295.855678
1614647295.862314
1614647295.875649
1614647295.885649
1614647295.892317
1614647295.905685
1614647295.915662
1614647295.922322
1614647295.935660
1614647295.945662
1614647295.952319
1614647295.965649
1614647295.975653
1614647295.982319
1614647295.995668
1614647296.005687
1614647296.012351
1614647296.025682
1614647296.035705
1614647296.042328
1614647296.055650
1614647296.065650
1614647296.072318
1614647296.085649
1614647296.095689
1614647296.102315
1614647296.115655
1614647296.125702
1614647296.132362
1614647296.145656
1614647296.155653
1614647296.162315
1614647296.175649
1614647296.185652
1614647296.192348
1614647296.205670
1614647296.215682
1614647296.222318
1614647296.235777
1614647296.245650
1614647296.252317
1614647296.265662
1614647296.275648
1614647296.282338
1614647296.295687
1614647296.305652
1614647296.312320
1614647296.325719
1614647296.335667
1614647296.342319
1614647296.355687
1614647296.365690
1614647296.372316
1614647296.385687
1614647296.395695
1614647296.402345
1614647296.415689
1614647296.425744
1614647296.432356
1614647296.445655
1614647296.455649
1614647296.462316
1614647296.475648
1614647296.485648
1614647296.492354
1614647296.505701
1614647296.515655
1614647296.522327
1614647296.535666
1614647296.545661
1614647296.552323
1614647296.565651
1614647296.575654
1614647296.582325
1614647296.595650
1614647296.605650
1614647296.612325
1614647296.629021
1614647296.635694
1614647296.642351
1614647296.655681
1614647296.665651
1614647296.672346
1614647296.685650
1614647296.695675
1614647296.702349
1614647296.715654
1614647296.725657
1614647296.732321
1614647296.745678
1614647296.755651
1614647296.762316
1614647296.775666
1614647296.785651
1614647296.792344
1614647296.805673
1614647296.815682
1614647296.822331
1614647296.835700
1614647296.845666
1614647296.852350
1614647296.865695
1614647296.875658
1614647296.882315
1614647296.895650
1614647296.905694
1614647296.912349
1614647296.925656
1614647296.935661
1614647296.942317
1614647296.955652
1614647296.965649
1614647296.972352
1614647296.985650
1614647296.995649
1614647297.002316
1614647297.019021
1614647297.025666
1614647297.032318
1614647297.045707
1614647297.055683
1614647297.062316
1614647297.075648
1614647297.085648
1614647297.092317
1614647297.105682
1614647297.115683
1614647297.122320
1614647297.135700
1614647297.145665
1614647297.152319
1614647297.165650
1614647297.175672
1614647297.182343
1614647297.195650
1614647297.205683
1614647297.212368
1614647297.225750
1614647297.235695
1614647297.242320
1614647297.255651
1614647297.265651
1614647297.272316
1614647297.285651
1614647297.295651
1614647297.302318
1614647297.315689
1614647297.325706
1614647297.332327
1614647297.345660
1614647297.355655
1614647297.362317
1614647297.375650
1614647297.385650
1614647297.392317
1614647297.405650
1614647297.422355
1614647297.425687
1614647297.435746
1614647297.445650
1614647297.452315
1614647297.465648
1614647297.475648
1614647297.482315
1614647297.495648
1614647297.505650
1614647297.512333
1614647297.525723
1614647297.535663
1614647297.542317
1614647297.555654
1614647297.565650
1614647297.572316
1614647297.585653
1614647297.595678
1614647297.602348
1614647297.615650
1614647297.625735
1614647297.632333
1614647297.645654
1614647297.655666
1614647297.662315
1614647297.675650
1614647297.685650
1614647297.692349
1614647297.705651
1614647297.715689
1614647297.722351
1614647297.735664
1614647297.745658
1614647297.752324
1614647297.765650
1614647297.775651
1614647297.782317
1614647297.795650
1614647297.812317
1614647297.815704
1614647297.825641
1614647297.835663
1614647297.842351
1614647297.855649
1614647297.865672
1614647297.872323
1614647297.885649
1614647297.895649
1614647297.902342
1614647297.915651
1614647297.925753
1614647297.932353
1614647297.945666
1614647297.955688
1614647297.962316
1614647297.975652
1614647297.985649
1614647297.992345
1614647298.005648
1614647298.015677
1614647298.022320
1614647298.035687
1614647298.045670
1614647298.052316
1614647298.065649
1614647298.075649
1614647298.082316
1614647298.095687
1614647298.105702
1614647298.112317
1614647298.125657
1614647298.135693
1614647298.142344
1614647298.155689
1614647298.165682
1614647298.172318
1614647298.185689
1614647298.202316
1614647298.205647
1614647298.215688
1614647298.225739
1614647298.232412
1614647298.245684
1614647298.255674
1614647298.262341
1614647298.275650
1614647298.285649
1614647298.292372
1614647298.305650
1614647298.315678
1614647298.322317
1614647298.335664
1614647298.345676
1614647298.352319
1614647298.365682
1614647298.375648
1614647298.382316
1614647298.395681
1614647298.405673
1614647298.412357
1614647298.425739
1614647298.435696
1614647298.442330
1614647298.455650
1614647298.465651
1614647298.472317
1614647298.485688
1614647298.495658
1614647298.502353
1614647298.515689
1614647298.525660
1614647298.532392
1614647298.545662
1614647298.555654
1614647298.562318
1614647298.575650
1614647298.585651
1614647298.598983
1614647298.605650
1614647298.615680
1614647298.622332
1614647298.635659
1614647298.645649
1614647298.652314
1614647298.665648
1614647298.675649
1614647298.682315
1614647298.695681
1614647298.705652
1614647298.712353
1614647298.725667
1614647298.735723
1614647298.742317
1614647298.755656
1614647298.765683
1614647298.772349
1614647298.785650
1614647298.795649
1614647298.802318
1614647298.815650
1614647298.825655
1614647298.832329
1614647298.845669
1614647298.855650
1614647298.862316
1614647298.875649
1614647298.885648
1614647298.892315
1614647298.905668
1614647298.915652
1614647298.922319
1614647298.935661
1614647298.945658
1614647298.952321
1614647298.965649
1614647298.975650
1614647298.988982
1614647298.995688
1614647299.005689
1614647299.012316
1614647299.025777
1614647299.035745
1614647299.042317
1614647299.055654
1614647299.065649
1614647299.072315
1614647299.085654
1614647299.095651
1614647299.102316
1614647299.115651
1614647299.125657
1614647299.132319
1614647299.145664
1614647299.155675
1614647299.162317
1614647299.175648
1614647299.185648
1614647299.192315
1614647299.205650
1614647299.215688
1614647299.222338
1614647299.235701
1614647299.245663
1614647299.252328
1614647299.265649
1614647299.275650
1614647299.282315
1614647299.295685
1614647299.305652
1614647299.312365
1614647299.325657
1614647299.335661
1614647299.342318
1614647299.355652
1614647299.365649
1614647299.372315
1614647299.388982
1614647299.395679
1614647299.402359
1614647299.415675
1614647299.425652
1614647299.432324
1614647299.445680
1614647299.455670
1614647299.462349
1614647299.475682
1614647299.485673
1614647299.492348
1614647299.505651
1614647299.515684
1614647299.522320
1614647299.535684
1614647299.545659
1614647299.552320
1614647299.565675
1614647299.575650
1614647299.582316
1614647299.595686
1614647299.605728
1614647299.612335
1614647299.625796
1614647299.635752
1614647299.642379
1614647299.655677
1614647299.665663
1614647299.672328
1614647299.685661
1614647299.695677
1614647299.702346
1614647299.715689
1614647299.725687
1614647299.732321
1614647299.745691
1614647299.755656
1614647299.762351
1614647299.778982
1614647299.785657
1614647299.792357
1614647299.805687
1614647299.815650
1614647299.822320
1614647299.835692
1614647299.845681
1614647299.852316
1614647299.865649
1614647299.875650
1614647299.882315
1614647299.895679
1614647299.905650
1614647299.912349
1614647299.925686
1614647299.935760
1614647299.942318
1614647299.955653
1614647299.965649
1614647299.972315
1614647299.985648
1614647299.995648
1614647300.002369
1614647300.015689
1614647300.025684
1614647300.032485
1614647300.045697
1614647300.055722
1614647300.062374
1614647300.075655
1614647300.085651
1614647300.092344
1614647300.105649
1614647300.115671
1614647300.122317
1614647300.135660
1614647300.145660
1614647300.152322
1614647300.168983
1614647300.175648
1614647300.182315
1614647300.195651
1614647300.205688
1614647300.212352
1614647300.225688
1614647300.235701
1614647300.242318
1614647300.255649
1614647300.265649
1614647300.272318
1614647300.285649
1614647300.295676
1614647300.302342
1614647300.315652
1614647300.325691
1614647300.332361
1614647300.345726
1614647300.355677
1614647300.362330
1614647300.375652
1614647300.385649
1614647300.392346
1614647300.405661
1614647300.415688
1614647300.422377
1614647300.435661
1614647300.445653
1614647300.452315
1614647300.465651
1614647300.475648
1614647300.482316
1614647300.495686
1614647300.505651
1614647300.512316
1614647300.525738
1614647300.535697
1614647300.542368
1614647300.555677
1614647300.572316
1614647300.575649
1614647300.585675
1614647300.595689
1614647300.602352
1614647300.615686
1614647300.625648
1614647300.632360
1614647300.645652
1614647300.655694
1614647300.662317
1614647300.675662
1614647300.685673
1614647300.692340
1614647300.705680
1614647300.715688
1614647300.722326
1614647300.735700
1614647300.745666
1614647300.752338
1614647300.765649
1614647300.775648
1614647300.782315
1614647300.795650
1614647300.805650
1614647300.812351
1614647300.825651
1614647300.835696
1614647300.842361
1614647300.855686
1614647300.865659
1614647300.872326
1614647300.885663
1614647300.895649
1614647300.902345
1614647300.915683
1614647300.925682
1614647300.932320
1614647300.945665
1614647300.962331
1614647300.965647
1614647300.975648
1614647300.985681
1614647300.992347
1614647301.005649
1614647301.015689
1614647301.022371
1614647301.035687
1614647301.045654
1614647301.052315
1614647301.065673
1614647301.075650
1614647301.082314
1614647301.095652
1614647301.105711
1614647301.112351
1614647301.125658
1614647301.135668
1614647301.142344
1614647301.155653
1614647301.165651
1614647301.172314
1614647301.185650
1614647301.195688
1614647301.202354
1614647301.215683
1614647301.225682
1614647301.232362
1614647301.245654
1614647301.255698
1614647301.262357
1614647301.275681
1614647301.285649
1614647301.292314
1614647301.305687
1614647301.315649
1614647301.322318
1614647301.335658
1614647301.345663
1614647301.359017
1614647301.365649
1614647301.375650
1614647301.382315
1614647301.395718
1614647301.405649
1614647301.412315
1614647301.425751
1614647301.435689
1614647301.442320
1614647301.455650
1614647301.465651
1614647301.472320
1614647301.485651
1614647301.495669
1614647301.502317
1614647301.515653
1614647301.525654
1614647301.532343
1614647301.545678
1614647301.555653
1614647301.562346
1614647301.575682
1614647301.585649
1614647301.592346
1614647301.605687
1614647301.615681
1614647301.622320
1614647301.635694
1614647301.645658
1614647301.652317
1614647301.665698
1614647301.675652
1614647301.682335
1614647301.695686
1614647301.705699
1614647301.712316
1614647301.725668
1614647301.735661
1614647301.748992
1614647301.755683
1614647301.765649
1614647301.772337
1614647301.785650
1614647301.795650
1614647301.802341
1614647301.815682
1614647301.825735
1614647301.832356
1614647301.845656
1614647301.855651
1614647301.862317
1614647301.875650
1614647301.885649
1614647301.892314
1614647301.905683
1614647301.915653
1614647301.922318
1614647301.935693
1614647301.945666
1614647301.952319
1614647301.965667
1614647301.975649
1614647301.982315
1614647301.995650
1614647302.005650
1614647302.012316
1614647302.025727
1614647302.035757
1614647302.042391
1614647302.055696
1614647302.065670
1614647302.072352
1614647302.085682
1614647302.095691
1614647302.102315
1614647302.115651
1614647302.125650
1614647302.139020
1614647302.145663
1614647302.155628
1614647302.162316
1614647302.175695
1614647302.185682
1614647302.192315
1614647302.205699
1614647302.215651
1614647302.222317
1614647302.235769
1614647302.245680
1614647302.252358
1614647302.265648
1614647302.275648
1614647302.282314
1614647302.295709
1614647302.305686
1614647302.312356
1614647302.325657
1614647302.335694
1614647302.342344
1614647302.355654
1614647302.365687
1614647302.372350
1614647302.385649
1614647302.395699
1614647302.402354
1614647302.415688
1614647302.425738
1614647302.432374
1614647302.445706
1614647302.455736
1614647302.462386
1614647302.475649
1614647302.485649
1614647302.492348
1614647302.505650
1614647302.515652
1614647302.522319
1614647302.538989
1614647302.545665
1614647302.552319
1614647302.565649
1614647302.575648
1614647302.582314
1614647302.595688
1614647302.605651
1614647302.612354
1614647302.625652
1614647302.635661
1614647302.642326
1614647302.655649
1614647302.665644
1614647302.672353
1614647302.685648
1614647302.695651
1614647302.702316
1614647302.715653
1614647302.725690
1614647302.732318
1614647302.745681
1614647302.755687
1614647302.762356
1614647302.775681
1614647302.785651
1614647302.792328
1614647302.805687
1614647302.815683
1614647302.822356
1614647302.835710
1614647302.845654
1614647302.852346
1614647302.865650
1614647302.875683
1614647302.882348
1614647302.895689
1614647302.905671
1614647302.912394
1614647302.928988
1614647302.935719
1614647302.942319
1614647302.955683
1614647302.965649
1614647302.972346
1614647302.985673
1614647302.995658
1614647303.002344
1614647303.015687
1614647303.025676
1614647303.032342
1614647303.045681
1614647303.055713
1614647303.062339
1614647303.075696
1614647303.085681
1614647303.092353
1614647303.105649
1614647303.115657
1614647303.122316
1614647303.135660
1614647303.145663
1614647303.152324
1614647303.165651
1614647303.175647
1614647303.182315
1614647303.195676
1614647303.205663
1614647303.212340
1614647303.225706
1614647303.235757
1614647303.242319
1614647303.255649
1614647303.265668
1614647303.272317
1614647303.285664
1614647303.295649
1614647303.302316
1614647303.318983
1614647303.325763
1614647303.332326
1614647303.345664
1614647303.355655
1614647303.362317
1614647303.375698
1614647303.385684
1614647303.392316
1614647303.405690
1614647303.415652
1614647303.422317
1614647303.435735
1614647303.445651
1614647303.452318
1614647303.465648
1614647303.475648
1614647303.482315
1614647303.495679
1614647303.505661
1614647303.512318
1614647303.525656
1614647303.535748
1614647303.542316
1614647303.555653
1614647303.565652
1614647303.572315
1614647303.585650
1614647303.595649
1614647303.602311
1614647303.615689
1614647303.625770
1614647303.632325
1614647303.645679
1614647303.655651
1614647303.662378
1614647303.675651
1614647303.685675
1614647303.692319
1614647303.705648
1614647303.722326
1614647303.725654
1614647303.735747
1614647303.745718
1614647303.752347
1614647303.765658
1614647303.775652
1614647303.782315
1614647303.795648
1614647303.805649
1614647303.812363
1614647303.825686
1614647303.835660
1614647303.842330
1614647303.855651
1614647303.865650
1614647303.872316
1614647303.885655
1614647303.895651
1614647303.902345
1614647303.915699
1614647303.925658
1614647303.932349
1614647303.945661
1614647303.955654
1614647303.962315
1614647303.975651
1614647303.985651
1614647303.992357
1614647304.005653
1614647304.015652
1614647304.022345
1614647304.035693
1614647304.045650
1614647304.052331
1614647304.065649
1614647304.075661
1614647304.082333
1614647304.095608
1614647304.112317
1614647304.115649
1614647304.125757
1614647304.135689
1614647304.142318
1614647304.155654
1614647304.165653
1614647304.172317
1614647304.185682
1614647304.195664
1614647304.202354
1614647304.215651
1614647304.225652
1614647304.232339
1614647304.245660
1614647304.255686
1614647304.262344
1614647304.275648
1614647304.285674
1614647304.292318
1614647304.305681
1614647304.315704
1614647304.322325
1614647304.335690
1614647304.345664
1614647304.352322
1614647304.365650
1614647304.375670
1614647304.382314
1614647304.395679
1614647304.405688
1614647304.412341
1614647304.425755
1614647304.435727
1614647304.442316
1614647304.455649
1614647304.465685
1614647304.472316
1614647304.485648
1614647304.495688
1614647304.508984
1614647304.515652
1614647304.525770
1614647304.532345
1614647304.545664
1614647304.555690
1614647304.562319
1614647304.575649
1614647304.585649
1614647304.592314
1614647304.605661
1614647304.615651
1614647304.622358
1614647304.635663
1614647304.645651
1614647304.652315
1614647304.665650
1614647304.675682
1614647304.682341
1614647304.695654
1614647304.705649
1614647304.712355
1614647304.725691
1614647304.735703
1614647304.742321
1614647304.755653
1614647304.765650
1614647304.772314
1614647304.785665
1614647304.795649
1614647304.802356
1614647304.815651
1614647304.825766
1614647304.832319
1614647304.845653
1614647304.855650
1614647304.862317
1614647304.875678
1614647304.885648
1614647304.899011
1614647304.905693
1614647304.915652
1614647304.922348
1614647304.935694
1614647304.945665
1614647304.952352
1614647304.965650
1614647304.975649
1614647304.982315
1614647304.995682
1614647305.005650
1614647305.012344
1614647305.025737
1614647305.035699
1614647305.042344
1614647305.055677
1614647305.065685
1614647305.072330
1614647305.085649
1614647305.095677
1614647305.102314
1614647305.115682
1614647305.125657
1614647305.132358
1614647305.145671
1614647305.155678
1614647305.162349
1614647305.175650
1614647305.185702
1614647305.192353
1614647305.205681
1614647305.215681
1614647305.222326
1614647305.235694
1614647305.245651
1614647305.252316
1614647305.265648
1614647305.275659
1614647305.288981
1614647305.295668
1614647305.305650
1614647305.312367
1614647305.325718
1614647305.335660
1614647305.342352
1614647305.355651
1614647305.365649
1614647305.372317
1614647305.385648
1614647305.395685
1614647305.402353
1614647305.415686
1614647305.425770
1614647305.432362
1614647305.445657
1614647305.455699
1614647305.462314
1614647305.475679
1614647305.485647
1614647305.492347
1614647305.505680
1614647305.515651
1614647305.522317
1614647305.535761
1614647305.545661
1614647305.552320
1614647305.565676
1614647305.575676
1614647305.582314
1614647305.595676
1614647305.605649
1614647305.612314
1614647305.625653
1614647305.635762
1614647305.642326
1614647305.655649
1614647305.665684
1614647305.672316
1614647305.688994
1614647305.695690
1614647305.702354
1614647305.715652
1614647305.725648
1614647305.732314
1614647305.745696
1614647305.755653
1614647305.762361
1614647305.775687
1614647305.785681
1614647305.792349
1614647305.805681
1614647305.815676
1614647305.822367
1614647305.835780
1614647305.845651
1614647305.852316
1614647305.865649
1614647305.875666
1614647305.882318
1614647305.895648
1614647305.905650
1614647305.912362
1614647305.925748
1614647305.935658
1614647305.942327
1614647305.955653
1614647305.965650
1614647305.972316
1614647305.985672
1614647305.995674
1614647306.002348
1614647306.015674
1614647306.025652
1614647306.032360
1614647306.045665
1614647306.055681
1614647306.062317
1614647306.079005
1614647306.085649
1614647306.092344
1614647306.105676
1614647306.115650
1614647306.122317
1614647306.135661
1614647306.145665
1614647306.152318
1614647306.165652
1614647306.175648
1614647306.182330
1614647306.195687
1614647306.205683
1614647306.212349
1614647306.225649
1614647306.235749
1614647306.242378
1614647306.255673
1614647306.265697
1614647306.272322
1614647306.285650
1614647306.295706
1614647306.302354
1614647306.315694
1614647306.325683
1614647306.332325
1614647306.345666
1614647306.355651
1614647306.362341
1614647306.375644
1614647306.385650
1614647306.392350
1614647306.405686
1614647306.415705
1614647306.422315
1614647306.435684
1614647306.445650
1614647306.452315
1614647306.465655
1614647306.475691
1614647306.482348
1614647306.495681
1614647306.505649
1614647306.512350
1614647306.525651
1614647306.535661
1614647306.542318
1614647306.555651
1614647306.565648
1614647306.572344
1614647306.585649
1614647306.595700
1614647306.602355
1614647306.615734
1614647306.625763
1614647306.632358
1614647306.645651
1614647306.655678
1614647306.662314
1614647306.675647
1614647306.685661
1614647306.692352
1614647306.705671
1614647306.715674
1614647306.722350
1614647306.735668
1614647306.745664
1614647306.752319
1614647306.765651
1614647306.775649
1614647306.782314
1614647306.795690
1614647306.805686
1614647306.812315
1614647306.825687
1614647306.835659
1614647306.842320
1614647306.855682
1614647306.872315
1614647306.875646
1614647306.885648
1614647306.895647
1614647306.902362
1614647306.915698
1614647306.925723
1614647306.932347
1614647306.945661
1614647306.955654
1614647306.962317
1614647306.975650
1614647306.985650
1614647306.992314
1614647307.005688
1614647307.015681
1614647307.022350
1614647307.035766
1614647307.045654
1614647307.052316
1614647307.065648
1614647307.075647
1614647307.082315
1614647307.095675
1614647307.105680
1614647307.112368
1614647307.125687
1614647307.135689
1614647307.142317
1614647307.155688
1614647307.165696
1614647307.172347
1614647307.185680
1614647307.195650
1614647307.202350
1614647307.215683
1614647307.225740
1614647307.232358
1614647307.245666
1614647307.275651
1614647307.278980
1614647307.282313
1614647307.285649
1614647307.292316
1614647307.305662
1614647307.315650
1614647307.322317
1614647307.335674
1614647307.345659
1614647307.352323
1614647307.365649
1614647307.375649
1614647307.382315
1614647307.395649
1614647307.405649
1614647307.412315
1614647307.425777
1614647307.435691
1614647307.442343
1614647307.455650
1614647307.465649
1614647307.472362
1614647307.485648
1614647307.495681
1614647307.502352
1614647307.515652
1614647307.525656
1614647307.532358
1614647307.545666
1614647307.555652
1614647307.562348
1614647307.575692
1614647307.585648
1614647307.592353
1614647307.605650
1614647307.615711
1614647307.622357
1614647307.635735
1614647307.645682
1614647307.658981
1614647307.665648
1614647307.675691
1614647307.682351
1614647307.695647
1614647307.705681
1614647307.712367
1614647307.725649
1614647307.735686
1614647307.742318
1614647307.755654
1614647307.765650
1614647307.772315
1614647307.785649
1614647307.795650
1614647307.802316
1614647307.815647
1614647307.825686
1614647307.832360
1614647307.845652
1614647307.855684
1614647307.862329
1614647307.875664
1614647307.885647
1614647307.892316
1614647307.905662
1614647307.915651
1614647307.922316
1614647307.935695
1614647307.945656
1614647307.952318
1614647307.965651
1614647307.975682
1614647307.982327
1614647307.995677
1614647308.005677
1614647308.012316
1614647308.025725
1614647308.035660
1614647308.048981
1614647308.055647
1614647308.065650
1614647308.072315
1614647308.085706
1614647308.095690
1614647308.102391
1614647308.115681
1614647308.125706
1614647308.132349
1614647308.145669
1614647308.155652
1614647308.162315
1614647308.175647
1614647308.185665
1614647308.192313
1614647308.205686
1614647308.215687
1614647308.222357
1614647308.235683
1614647308.245653
1614647308.252325
1614647308.265648
1614647308.275700
1614647308.282379
1614647308.295685
1614647308.305650
1614647308.312316
1614647308.325756
1614647308.335681
1614647308.342322
1614647308.355652
1614647308.365650
1614647308.372316
1614647308.385664
1614647308.395684
1614647308.402345
1614647308.415676
1614647308.425679
1614647308.439045
1614647308.445649
1614647308.455647
1614647308.462316
1614647308.475647
1614647308.485648
1614647308.492316
1614647308.505666
1614647308.515649
1614647308.522349
1614647308.535721
1614647308.545708
1614647308.552372
1614647308.565675
1614647308.575697
1614647308.582361
1614647308.595652
1614647308.605683
1614647308.612326
1614647308.625685
1614647308.635664
1614647308.642335
1614647308.655681
1614647308.665673
1614647308.672315
1614647308.685698
1614647308.695648
1614647308.702345
1614647308.715650
1614647308.725650
1614647308.732349
1614647308.745660
1614647308.755650
1614647308.762317
1614647308.775649
1614647308.785648
1614647308.792315
1614647308.805648
1614647308.815665
1614647308.822427
1614647308.839033
1614647308.845706
1614647308.852417
1614647308.865664
1614647308.875649
1614647308.882316
1614647308.895648
1614647308.905650
1614647308.912314
1614647308.925650
1614647308.935685
1614647308.942336
1614647308.955651
1614647308.965650
1614647308.972315
1614647308.985647
1614647308.995662
1614647309.002354
1614647309.015682
1614647309.025685
1614647309.032363
1614647309.045651
1614647309.055648
1614647309.062331
1614647309.075647
1614647309.085648
1614647309.092314
1614647309.105667
1614647309.115649
1614647309.122315
1614647309.135700
1614647309.145638
1614647309.152319
1614647309.165649
1614647309.175648
1614647309.182322
1614647309.195680
1614647309.205685
1614647309.212354
1614647309.228983
1614647309.235658
1614647309.242342
1614647309.255688
1614647309.265681
1614647309.272316
1614647309.285648
1614647309.295685
1614647309.302361
1614647309.315651
1614647309.325722
1614647309.332340
1614647309.345656
1614647309.355663
1614647309.362314
1614647309.375681
1614647309.385648
1614647309.392337
1614647309.405685
1614647309.415733
1614647309.422432
1614647309.435705
1614647309.445650
1614647309.452316
1614647309.465649
1614647309.475650
1614647309.482315
1614647309.495682
1614647309.505648
1614647309.512316
1614647309.525650
1614647309.535697
1614647309.542316
1614647309.555682
1614647309.565648
1614647309.572315
1614647309.585648
1614647309.595678
1614647309.602349
1614647309.615677
1614647309.632369
1614647309.635655
1614647309.645652
1614647309.655650
1614647309.662317
1614647309.675649
1614647309.685669
1614647309.692316
1614647309.705649
1614647309.715674
1614647309.722342
1614647309.735693
1614647309.745665
1614647309.752336
1614647309.765687
1614647309.775650
1614647309.782352
1614647309.795680
1614647309.805702
1614647309.812361
1614647309.825766
1614647309.835661
1614647309.842348
1614647309.855649
1614647309.865651
1614647309.872318
1614647309.885650
1614647309.895649
1614647309.902316
1614647309.915657
1614647309.925667
1614647309.932323
1614647309.945666
1614647309.955693
1614647309.962330
1614647309.975681
1614647309.985681
1614647309.992315
1614647310.005680
1614647310.022316
1614647310.025770
1614647310.035718
1614647310.045667
1614647310.052391
1614647310.065650
1614647310.075648
1614647310.082328
1614647310.095676
1614647310.105638
1614647310.112332
1614647310.125709
1614647310.135709
1614647310.142352
1614647310.155685
1614647310.165681
1614647310.172317
1614647310.185662
1614647310.195680
1614647310.202343
1614647310.215685
1614647310.225682
1614647310.232354
1614647310.245685
1614647310.255648
1614647310.262313
1614647310.275647
1614647310.285687
1614647310.292346
1614647310.305680
1614647310.315696
1614647310.322318
1614647310.335711
1614647310.345663
1614647310.352321
1614647310.365650
1614647310.375650
1614647310.382344
1614647310.395676
1614647310.412366
1614647310.415676
1614647310.425662
1614647310.435677
1614647310.442318
1614647310.455725
1614647310.465681
1614647310.472315
1614647310.485647
1614647310.495679
1614647310.502314
1614647310.515682
1614647310.525660
1614647310.532324
1614647310.545667
1614647310.555684
1614647310.562314
1614647310.575691
1614647310.585648
1614647310.592341
1614647310.605648
1614647310.615649
1614647310.622349
1614647310.635722
1614647310.645682
1614647310.652372
1614647310.665650
1614647310.675650
1614647310.682348
1614647310.695685
1614647310.705681
1614647310.712366
1614647310.725704
1614647310.735701
1614647310.742316
1614647310.755697
1614647310.765650
1614647310.772316
1614647310.785648
1614647310.795678
1614647310.808981
1614647310.815649
1614647310.825687
1614647310.832377
1614647310.845699
1614647310.855732
1614647310.862355
1614647310.875652
1614647310.885650
1614647310.892350
1614647310.905648
1614647310.915650
1614647310.922342
1614647310.935661
1614647310.945689
1614647310.952318
1614647310.965652
1614647310.975688
1614647310.982315
1614647310.995678
1614647311.005687
1614647311.012372
1614647311.025737
1614647311.035691
1614647311.042322
1614647311.055659
1614647311.065649
1614647311.072315
1614647311.085651
1614647311.095653
1614647311.102317
1614647311.115662
1614647311.125649
1614647311.132326
1614647311.145661
1614647311.155679
1614647311.162314
1614647311.175647
1614647311.185755
1614647311.199008
1614647311.205675
1614647311.215648
1614647311.222315
1614647311.235705
1614647311.245649
1614647311.252325
1614647311.265650
1614647311.275648
1614647311.282314
1614647311.295677
1614647311.305690
1614647311.312371
1614647311.325700
1614647311.335697
1614647311.342317
1614647311.355649
1614647311.365674
1614647311.372314
1614647311.385679
1614647311.395648
1614647311.402354
1614647311.415700
1614647311.425710
1614647311.432365
1614647311.445691
1614647311.455677
1614647311.462314
1614647311.475688
1614647311.485682
1614647311.492349
1614647311.505673
1614647311.515651
1614647311.522316
1614647311.535658
1614647311.545682
1614647311.552322
1614647311.565652
1614647311.575649
1614647311.582316
1614647311.595649
1614647311.605649
1614647311.612316
1614647311.625648
1614647311.635664
1614647311.642316
1614647311.655649
1614647311.665666
1614647311.672315
1614647311.685662
1614647311.695655
1614647311.702316
1614647311.715676
1614647311.725696
1614647311.732339
1614647311.745666
1614647311.755683
1614647311.762316
1614647311.775690
1614647311.785721
1614647311.792330
1614647311.805650
1614647311.815650
1614647311.822350
1614647311.835756
1614647311.845648
1614647311.852313
1614647311.865648
1614647311.875648
1614647311.882338
1614647311.895678
1614647311.905647
1614647311.912316
1614647311.925647
1614647311.935666
1614647311.942317
1614647311.955677
1614647311.965648
1614647311.972314
1614647311.988982
1614647311.995678
1614647312.002349
1614647312.015711
1614647312.025690
1614647312.032359
1614647312.045676
1614647312.055647
1614647312.062314
1614647312.075687
1614647312.085674
1614647312.092340
1614647312.105647
1614647312.115695
1614647312.122316
1614647312.135698
1614647312.145664
1614647312.152348
1614647312.165657
1614647312.175673
1614647312.182352
1614647312.195650
1614647312.205730
1614647312.212362
1614647312.225649
1614647312.235656
1614647312.242330
1614647312.255685
1614647312.265688
1614647312.272348
1614647312.285685
1614647312.295650
1614647312.302354
1614647312.315688
1614647312.325687
1614647312.332329
1614647312.345695
1614647312.355666
